timestamp_utc,name,url,expected_status,actual_status,latency_ms,is_up,error
2026-04-23T13:39:51.914540+00:00,Google,https://google.com,200,200,175,1,
2026-04-23T13:39:52.631554+00:00,GitHub API,https://apub.com,200,200,716,1,
2026-04-23T13:50:26.497043+00:00,Google,https://google.com,200,200,129,1,
2026-04-23T13:50:26.530418+00:00,Test Site,http://thesdsfsf.com/,200,0,33,0,URLError: <urlopen error [Errno -2] Name or service not known>
2026-04-23T13:54:14.281759+00:00,Google,https://google.com,200,200,207,1,
2026-04-23T13:54:14.401128+00:00,Test Site,http://thesdsfsf.com/,200,0,119,0,URLError: <urlopen error [Errno -2] Name or service not known>
2026-04-23T13:57:20.353584+00:00,Google,https://google.com,200,200,145,1,
2026-04-23T13:57:20.419179+00:00,Test Site,http://thesdsfsf.com/,200,0,65,0,URLError: <urlopen error [Errno -2] Name or service not known>
2026-04-23T14:01:52.467407+00:00,Google,https://google.com,200,200,376,1,
2026-04-23T14:01:52.521471+00:00,Test Site,http://thesdsfsf.com/,200,0,54,0,URLError: <urlopen error [Errno -2] Name or service not known>
2026-04-23T14:03:52.568533+00:00,Google,https://google.com,200,200,190,1,
2026-04-23T14:03:52.583031+00:00,Test Site,http://thesdsfsf.com/,200,0,14,0,URLError: <urlopen error [Errno -2] Name or service not known>
2026-04-23T15:27:55.784442+00:00,Google,https://google.com,200,200,329,1,
2026-04-23T15:27:55.809677+00:00,Test Site,http://thesdsfsf.com/,200,0,25,0,URLError: <urlopen error [Errno -2] Name or service not known>
2026-04-23T16:59:42.707556+00:00,Google,https://google.com,200,200,214,1,
2026-04-23T16:59:43.395132+00:00,Github,http://github.com/,200,200,687,1,
2026-04-23T18:08:20.942724+00:00,Google,https://google.com,200,200,282,1,
2026-04-23T18:08:21.179734+00:00,Github,http://github.com/,200,200,236,1,
2026-04-23T19:39:24.894564+00:00,Google,https://google.com,200,200,190,1,
2026-04-23T19:39:25.609918+00:00,Github,http://github.com/,200,200,715,1,
2026-04-23T20:36:30.485150+00:00,Google,https://google.com,200,200,196,1,
2026-04-23T20:36:30.766503+00:00,Github,http://github.com/,200,200,281,1,
2026-04-23T21:28:03.726626+00:00,Google,https://google.com,200,200,149,1,
2026-04-23T21:28:03.824522+00:00,Github,http://github.com/,200,200,97,1,
2026-04-23T22:08:01.448921+00:00,Google,https://google.com,200,200,189,1,
2026-04-23T22:08:01.698612+00:00,Github,http://github.com/,200,200,249,1,
2026-04-23T23:04:57.623783+00:00,Google,https://google.com,200,200,171,1,
2026-04-23T23:04:57.891022+00:00,Github,http://github.com/,200,200,267,1,
2026-04-24T00:01:07.411751+00:00,Google,https://google.com,200,200,180,1,
2026-04-24T00:01:07.505225+00:00,Github,http://github.com/,200,200,93,1,
2026-04-24T03:48:15.712702+00:00,Google,https://google.com,200,200,119,1,
2026-04-24T03:48:15.772628+00:00,Github,http://github.com/,200,200,59,1,
2026-04-24T06:03:24.245748+00:00,Google,https://google.com,200,200,213,1,
2026-04-24T06:03:24.495946+00:00,Github,http://github.com/,200,200,250,1,
2026-04-24T08:21:04.659448+00:00,Google,https://google.com,200,200,229,1,
2026-04-24T08:21:04.947853+00:00,Github,http://github.com/,200,200,288,1,
2026-04-24T09:08:01.176232+00:00,Google,https://google.com,200,200,245,1,
2026-04-24T09:08:01.451194+00:00,Github,http://github.com/,200,200,274,1,
2026-04-24T09:59:42.386495+00:00,Google,https://google.com,200,200,209,1,
2026-04-24T09:59:42.620383+00:00,Github,http://github.com/,200,200,233,1,
2026-04-24T11:08:50.351588+00:00,Google,https://google.com,200,200,188,1,
2026-04-24T11:08:50.451474+00:00,Github,http://github.com/,200,200,99,1,
2026-04-24T12:04:24.066859+00:00,Google,https://google.com,200,200,165,1,
2026-04-24T12:04:24.754626+00:00,Github,http://github.com/,200,200,687,1,
2026-04-24T14:04:34.084219+00:00,Google,https://google.com,200,200,117,1,
2026-04-24T14:04:34.138528+00:00,Github,http://github.com/,200,200,54,1,
2026-04-24T15:35:18.715563+00:00,Google,https://google.com,200,200,121,1,
2026-04-24T15:35:18.770171+00:00,Github,http://github.com/,200,200,54,1,
2026-04-24T16:37:06.464128+00:00,Google,https://google.com,200,200,151,1,
2026-04-24T16:37:06.755063+00:00,Github,http://github.com/,200,200,290,1,
2026-04-24T17:35:47.700460+00:00,Google,https://google.com,200,200,193,1,
2026-04-24T17:35:47.806853+00:00,Github,http://github.com/,200,200,106,1,
2026-04-24T18:28:12.264698+00:00,Google,https://google.com,200,200,130,1,
2026-04-24T18:28:12.326752+00:00,Github,http://github.com/,200,200,62,1,
2026-04-24T19:28:54.414869+00:00,Google,https://google.com,200,200,221,1,
2026-04-24T19:28:54.709161+00:00,Github,http://github.com/,200,200,294,1,
2026-04-24T20:07:41.779825+00:00,Google,https://google.com,200,200,217,1,
2026-04-24T20:07:42.045352+00:00,Github,http://github.com/,200,200,265,1,
2026-04-24T21:04:26.944765+00:00,Google,https://google.com,200,200,207,1,
2026-04-24T21:04:27.216459+00:00,Github,http://github.com/,200,200,271,1,
2026-04-24T22:00:33.229710+00:00,Google,https://google.com,200,200,361,1,
2026-04-24T22:00:33.793935+00:00,Github,http://github.com/,200,200,564,1,
2026-04-24T22:56:57.427776+00:00,Google,https://google.com,200,200,221,1,
2026-04-24T22:56:58.189658+00:00,Github,http://github.com/,200,200,761,1,
2026-04-24T23:36:37.052055+00:00,Google,https://google.com,200,200,162,1,
2026-04-24T23:36:37.713920+00:00,Github,http://github.com/,200,200,661,1,
2026-04-25T01:04:31.393736+00:00,Google,https://google.com,200,200,161,1,
2026-04-25T01:04:32.092805+00:00,Github,http://github.com/,200,200,699,1,
2026-04-25T04:07:14.712842+00:00,Google,https://google.com,200,200,194,1,
2026-04-25T04:07:15.007041+00:00,Github,http://github.com/,200,200,294,1,
2026-04-25T05:57:00.014384+00:00,Google,https://google.com,200,200,220,1,
2026-04-25T05:57:00.762765+00:00,Github,http://github.com/,200,200,748,1,
2026-04-25T07:10:36.062350+00:00,Google,https://google.com,200,200,149,1,
2026-04-25T07:10:36.291660+00:00,Github,http://github.com/,200,200,229,1,
2026-04-25T08:11:40.128700+00:00,Google,https://google.com,200,200,201,1,
2026-04-25T08:11:40.816292+00:00,Github,http://github.com/,200,200,687,1,
2026-04-25T09:09:13.642270+00:00,Google,https://google.com,200,200,173,1,
2026-04-25T09:09:13.889411+00:00,Github,http://github.com/,200,200,247,1,
2026-04-25T10:03:23.534534+00:00,Google,https://google.com,200,200,158,1,
2026-04-25T10:03:23.810111+00:00,Github,http://github.com/,200,200,275,1,
2026-04-25T11:01:35.373675+00:00,Google,https://google.com,200,200,111,1,
2026-04-25T11:01:35.435188+00:00,Github,http://github.com/,200,200,61,1,
2026-04-25T11:52:22.513462+00:00,Google,https://google.com,200,200,139,1,
2026-04-25T11:52:22.738239+00:00,Github,http://github.com/,200,200,224,1,
2026-04-25T12:42:21.866181+00:00,Google,https://google.com,200,200,196,1,
2026-04-25T12:42:22.200690+00:00,Github,http://github.com/,200,200,334,1,
2026-04-25T13:50:52.188116+00:00,Google,https://google.com,200,200,147,1,
2026-04-25T13:50:52.411746+00:00,Github,http://github.com/,200,200,223,1,
2026-04-25T14:36:37.473839+00:00,Google,https://google.com,200,200,161,1,
2026-04-25T14:36:37.534994+00:00,Github,http://github.com/,200,200,61,1,
2026-04-25T15:25:35.339267+00:00,Google,https://google.com,200,200,267,1,
2026-04-25T15:25:35.655045+00:00,Github,http://github.com/,200,200,315,1,
2026-04-25T16:01:51.622540+00:00,Google,https://google.com,200,200,141,1,
2026-04-25T16:01:51.731339+00:00,Github,http://github.com/,200,502,108,0,HTTPError: HTTP Error 502: Bad Gateway or Proxy Error
2026-04-25T17:00:41.784293+00:00,Google,https://google.com,200,200,380,1,
2026-04-25T17:00:42.064777+00:00,Github,http://github.com/,200,200,280,1,
2026-04-25T17:55:51.837974+00:00,Google,https://google.com,200,200,198,1,
2026-04-25T17:55:52.510895+00:00,Github,http://github.com/,200,200,672,1,
2026-04-25T18:40:29.922708+00:00,Google,https://google.com,200,200,287,1,
2026-04-25T18:40:30.163254+00:00,Github,http://github.com/,200,200,240,1,
2026-04-25T19:32:03.819460+00:00,Google,https://google.com,200,200,128,1,
2026-04-25T19:32:03.875562+00:00,Github,http://github.com/,200,200,56,1,
2026-04-25T20:20:40.295116+00:00,Google,https://google.com,200,200,164,1,
2026-04-25T20:20:40.359444+00:00,Github,http://github.com/,200,200,64,1,
2026-04-25T21:01:55.332884+00:00,Google,https://google.com,200,200,344,1,
2026-04-25T21:01:55.914550+00:00,Github,http://github.com/,200,200,581,1,
2026-04-25T21:52:03.702366+00:00,Google,https://google.com,200,200,159,1,
2026-04-25T21:52:04.029250+00:00,Github,http://github.com/,200,200,326,1,
2026-04-25T22:27:35.962055+00:00,Google,https://google.com,200,200,152,1,
2026-04-25T22:27:36.178470+00:00,Github,http://github.com/,200,200,216,1,
2026-04-25T23:04:24.867470+00:00,Google,https://google.com,200,200,144,1,
2026-04-25T23:04:24.968505+00:00,Github,http://github.com/,200,200,100,1,
2026-04-25T23:53:39.316804+00:00,Google,https://google.com,200,200,183,1,
2026-04-25T23:53:39.554473+00:00,Github,http://github.com/,200,200,237,1,
2026-04-26T01:53:46.570224+00:00,Google,https://google.com,200,200,224,1,
2026-04-26T01:53:46.830140+00:00,Github,http://github.com/,200,200,259,1,
2026-04-26T04:53:45.957981+00:00,Google,https://google.com,200,200,181,1,
2026-04-26T04:53:46.050931+00:00,Github,http://github.com/,200,200,92,1,
2026-04-26T06:55:30.770245+00:00,Google,https://google.com,200,200,466,1,
2026-04-26T06:55:31.034933+00:00,Github,http://github.com/,200,200,264,1,
2026-04-26T08:13:34.773752+00:00,Google,https://google.com,200,200,184,1,
2026-04-26T08:13:35.039892+00:00,Github,http://github.com/,200,200,266,1,
2026-04-26T09:14:48.694064+00:00,Google,https://google.com,200,200,168,1,
2026-04-26T09:14:48.911009+00:00,Github,http://github.com/,200,200,216,1,
2026-04-26T10:07:26.406979+00:00,Google,https://google.com,200,200,138,1,
2026-04-26T10:07:26.458364+00:00,Github,http://github.com/,200,200,51,1,
2026-04-26T11:02:01.617048+00:00,Google,https://google.com,200,200,225,1,
2026-04-26T11:02:01.670335+00:00,Github,http://github.com/,200,200,53,1,
2026-04-26T11:54:01.146162+00:00,Google,https://google.com,200,200,138,1,
2026-04-26T11:54:01.405370+00:00,Github,http://github.com/,200,200,259,1,
2026-04-26T12:44:33.669055+00:00,Google,https://google.com,200,200,194,1,
2026-04-26T12:44:33.914958+00:00,Github,http://github.com/,200,200,245,1,
2026-04-26T13:54:17.316840+00:00,Google,https://google.com,200,200,358,1,
2026-04-26T13:54:17.885055+00:00,Github,http://github.com/,200,200,568,1,
2026-04-26T14:37:12.781281+00:00,Google,https://google.com,200,200,125,1,
2026-04-26T14:37:12.841013+00:00,Github,http://github.com/,200,200,59,1,
2026-04-26T15:27:38.949888+00:00,Google,https://google.com,200,200,116,1,
2026-04-26T15:27:39.004891+00:00,Github,http://github.com/,200,200,54,1,
2026-04-26T16:05:38.093572+00:00,Google,https://google.com,200,200,147,1,
2026-04-26T16:05:38.343115+00:00,Github,http://github.com/,200,200,249,1,
2026-04-26T17:00:50.116770+00:00,Google,https://google.com,200,200,242,1,
2026-04-26T17:00:50.450870+00:00,Github,http://github.com/,200,200,334,1,
2026-04-26T17:57:12.900897+00:00,Google,https://google.com,200,200,142,1,
2026-04-26T17:57:13.173872+00:00,Github,http://github.com/,200,200,272,1,
2026-04-26T18:51:05.985716+00:00,Google,https://google.com,200,200,166,1,
2026-04-26T18:51:06.083394+00:00,Github,http://github.com/,200,200,97,1,
2026-04-26T19:40:16.658456+00:00,Google,https://google.com,200,200,220,1,
2026-04-26T19:40:16.928057+00:00,Github,http://github.com/,200,200,269,1,
2026-04-26T20:21:37.761069+00:00,Google,https://google.com,200,200,171,1,
2026-04-26T20:21:37.990675+00:00,Github,http://github.com/,200,200,229,1,
2026-04-26T21:02:00.114527+00:00,Google,https://google.com,200,200,311,1,
2026-04-26T21:02:00.419874+00:00,Github,http://github.com/,200,200,305,1,
2026-04-26T21:53:18.312492+00:00,Google,https://google.com,200,200,172,1,
2026-04-26T21:53:18.540344+00:00,Github,http://github.com/,200,200,227,1,
2026-04-26T22:29:10.998730+00:00,Google,https://google.com,200,200,164,1,
2026-04-26T22:29:11.603946+00:00,Github,http://github.com/,200,200,605,1,
2026-04-26T23:07:31.388505+00:00,Google,https://google.com,200,200,158,1,
2026-04-26T23:07:31.467398+00:00,Github,http://github.com/,200,200,78,1,
2026-04-26T23:54:53.306893+00:00,Google,https://google.com,200,200,204,1,
2026-04-26T23:54:53.575800+00:00,Github,http://github.com/,200,200,268,1,
2026-04-27T01:57:32.824662+00:00,Google,https://google.com,200,200,165,1,
2026-04-27T01:57:33.046168+00:00,Github,http://github.com/,200,200,221,1,
2026-04-27T05:22:06.324804+00:00,Google,https://google.com,200,200,205,1,
2026-04-27T05:22:07.012783+00:00,Github,http://github.com/,200,200,687,1,
2026-04-27T07:43:39.590923+00:00,Google,https://google.com,200,200,202,1,
2026-04-27T07:43:39.843241+00:00,Github,http://github.com/,200,200,252,1,
2026-04-27T09:59:17.783679+00:00,Google,https://google.com,200,200,108,1,
2026-04-27T09:59:17.840496+00:00,Github,http://github.com/,200,200,56,1,
2026-04-27T11:46:07.517534+00:00,Google,https://google.com,200,200,229,1,
2026-04-27T11:46:07.788294+00:00,Github,http://github.com/,200,200,270,1,
2026-04-27T13:19:31.688125+00:00,Google,https://google.com,200,200,332,1,
2026-04-27T13:19:32.237686+00:00,Github,http://github.com/,200,200,549,1,
2026-04-27T15:22:12.629480+00:00,Google,https://google.com,200,200,230,1,
2026-04-27T15:22:12.760577+00:00,Github,http://github.com/,200,200,131,1,
2026-04-27T17:01:54.976873+00:00,Google,https://google.com,200,200,121,1,
2026-04-27T17:01:55.047618+00:00,Github,http://github.com/,200,200,70,1,
2026-04-27T18:19:04.316759+00:00,Google,https://google.com,200,200,166,1,
2026-04-27T18:19:04.568055+00:00,Github,http://github.com/,200,200,251,1,
2026-04-27T19:52:39.643163+00:00,Google,https://google.com,200,200,268,1,
2026-04-27T19:52:39.957895+00:00,Github,http://github.com/,200,200,314,1,
2026-04-27T20:53:42.907119+00:00,Google,https://google.com,200,200,159,1,
2026-04-27T20:53:43.148134+00:00,Github,http://github.com/,200,200,240,1,
2026-04-27T21:47:43.368448+00:00,Google,https://google.com,200,200,183,1,
2026-04-27T21:47:43.622728+00:00,Github,http://github.com/,200,200,254,1,
2026-04-27T22:41:01.372542+00:00,Google,https://google.com,200,200,154,1,
2026-04-27T22:41:02.059092+00:00,Github,http://github.com/,200,200,686,1,
2026-04-27T23:36:42.571894+00:00,Google,https://google.com,200,200,171,1,
2026-04-27T23:36:42.825355+00:00,Github,http://github.com/,200,200,253,1,
2026-04-28T01:21:32.362840+00:00,Google,https://google.com,200,200,131,1,
2026-04-28T01:21:32.423597+00:00,Github,http://github.com/,200,200,60,1,
2026-04-28T04:51:11.209233+00:00,Google,https://google.com,200,200,303,1,
2026-04-28T04:51:11.520355+00:00,Github,http://github.com/,200,200,311,1,
2026-04-28T07:27:11.768149+00:00,Google,https://google.com,200,200,147,1,
2026-04-28T07:27:12.106371+00:00,Github,http://github.com/,200,200,338,1,
2026-04-28T09:40:26.259057+00:00,Google,https://google.com,200,200,147,1,
2026-04-28T09:40:26.537896+00:00,Github,http://github.com/,200,200,278,1,
2026-04-28T11:26:06.828027+00:00,Google,https://google.com,200,200,228,1,
2026-04-28T11:26:07.360427+00:00,Github,http://github.com/,200,200,532,1,
2026-04-28T13:09:21.853703+00:00,Google,https://google.com,200,200,248,1,
2026-04-28T13:09:22.045982+00:00,Github,http://github.com/,200,502,192,0,HTTPError: HTTP Error 502: Bad Gateway or Proxy Error
2026-04-28T15:35:52.514900+00:00,Google,https://google.com,200,200,160,1,
2026-04-28T15:35:53.231064+00:00,Github,http://github.com/,200,200,716,1,
2026-04-28T17:18:39.325301+00:00,Google,https://google.com,200,200,279,1,
2026-04-28T17:18:39.576214+00:00,Github,http://github.com/,200,200,250,1,
2026-04-28T19:00:04.890251+00:00,Google,https://google.com,200,200,160,1,
2026-04-28T19:00:05.111375+00:00,Github,http://github.com/,200,200,221,1,
2026-04-28T20:20:50.565473+00:00,Google,https://google.com,200,200,185,1,
2026-04-28T20:20:50.617755+00:00,Github,http://github.com/,200,200,52,1,
2026-04-28T21:35:23.198753+00:00,Google,https://google.com,200,200,118,1,
2026-04-28T21:35:23.256918+00:00,Github,http://github.com/,200,200,58,1,
2026-04-28T22:37:26.788031+00:00,Google,https://google.com,200,200,162,1,
2026-04-28T22:37:26.892134+00:00,Github,http://github.com/,200,200,104,1,
2026-04-28T23:35:33.172523+00:00,Google,https://google.com,200,200,172,1,
2026-04-28T23:35:33.826426+00:00,Github,http://github.com/,200,200,653,1,
2026-04-29T01:22:36.232191+00:00,Google,https://google.com,200,200,166,1,
2026-04-29T01:22:36.972705+00:00,Github,http://github.com/,200,200,740,1,
2026-04-29T04:46:07.434938+00:00,Google,https://google.com,200,200,174,1,
2026-04-29T04:46:08.040758+00:00,Github,http://github.com/,200,200,605,1,
2026-04-29T07:16:19.927814+00:00,Google,https://google.com,200,200,158,1,
2026-04-29T07:16:20.022826+00:00,Github,http://github.com/,200,200,94,1,
2026-04-29T09:31:06.613190+00:00,Google,https://google.com,200,200,145,1,
2026-04-29T09:31:06.709087+00:00,Github,http://github.com/,200,200,95,1,
2026-04-29T11:17:39.187724+00:00,Google,https://google.com,200,200,278,1,
2026-04-29T11:17:39.286766+00:00,Github,http://github.com/,200,200,98,1,
2026-04-29T13:03:11.940539+00:00,Google,https://google.com,200,200,286,1,
2026-04-29T13:03:12.194614+00:00,Github,http://github.com/,200,200,254,1,
2026-04-29T15:25:38.538469+00:00,Google,https://google.com,200,200,214,1,
2026-04-29T15:25:39.308672+00:00,Github,http://github.com/,200,200,770,1,
2026-04-29T16:58:28.760085+00:00,Google,https://google.com,200,200,219,1,
2026-04-29T16:58:29.332320+00:00,Github,http://github.com/,200,200,572,1,
2026-04-29T18:11:36.946671+00:00,Google,https://google.com,200,200,167,1,
2026-04-29T18:11:37.046189+00:00,Github,http://github.com/,200,200,99,1,
2026-04-29T19:53:21.737305+00:00,Google,https://google.com,200,200,222,1,
2026-04-29T19:53:22.348786+00:00,Github,http://github.com/,200,200,611,1,
2026-04-29T20:54:07.918528+00:00,Google,https://google.com,200,200,318,1,
2026-04-29T20:54:08.258288+00:00,Github,http://github.com/,200,200,339,1,
2026-04-29T21:53:19.423842+00:00,Google,https://google.com,200,200,186,1,
2026-04-29T21:53:19.528222+00:00,Github,http://github.com/,200,200,104,1,
2026-04-29T22:48:02.465808+00:00,Google,https://google.com,200,200,201,1,
2026-04-29T22:48:02.521229+00:00,Github,http://github.com/,200,200,55,1,
2026-04-29T23:44:56.864993+00:00,Google,https://google.com,200,200,128,1,
2026-04-29T23:44:56.923882+00:00,Github,http://github.com/,200,200,58,1,
2026-04-30T01:23:59.116393+00:00,Google,https://google.com,200,200,246,1,
2026-04-30T01:23:59.646288+00:00,Github,http://github.com/,200,200,529,1,
2026-04-30T04:50:11.633468+00:00,Google,https://google.com,200,200,267,1,
2026-04-30T04:50:12.259529+00:00,Github,http://github.com/,200,200,626,1,
2026-04-30T07:24:09.376201+00:00,Google,https://google.com,200,200,233,1,
2026-04-30T07:24:09.740705+00:00,Github,http://github.com/,200,200,364,1,
2026-04-30T09:33:02.867469+00:00,Google,https://google.com,200,200,267,1,
2026-04-30T09:33:02.916119+00:00,Github,http://github.com/,200,200,48,1,
2026-04-30T11:18:11.368829+00:00,Google,https://google.com,200,200,155,1,
2026-04-30T11:18:12.094881+00:00,Github,http://github.com/,200,200,726,1,
2026-04-30T13:02:30.373337+00:00,Google,https://google.com,200,200,194,1,
2026-04-30T13:02:33.419356+00:00,Github,http://github.com/,200,200,3045,1,
2026-04-30T15:21:56.912242+00:00,Google,https://google.com,200,200,195,1,
2026-04-30T15:21:57.202749+00:00,Github,http://github.com/,200,200,290,1,
2026-04-30T16:54:12.999009+00:00,Google,https://google.com,200,200,167,1,
2026-04-30T16:54:13.265758+00:00,Github,http://github.com/,200,200,266,1,
2026-04-30T18:05:39.846407+00:00,Google,https://google.com,200,200,163,1,
2026-04-30T18:05:39.914351+00:00,Github,http://github.com/,200,200,67,1,
2026-04-30T19:47:56.358939+00:00,Google,https://google.com,200,200,236,1,
2026-04-30T19:47:56.619416+00:00,Github,http://github.com/,200,200,260,1,
2026-04-30T20:51:41.165411+00:00,Google,https://google.com,200,200,252,1,
2026-04-30T20:51:41.785335+00:00,Github,http://github.com/,200,200,619,1,
2026-04-30T21:49:52.537115+00:00,Google,https://google.com,200,200,183,1,
2026-04-30T21:49:52.591297+00:00,Github,http://github.com/,200,200,54,1,
2026-04-30T22:42:52.582670+00:00,Google,https://google.com,200,200,210,1,
2026-04-30T22:42:52.805784+00:00,Github,http://github.com/,200,200,223,1,
2026-04-30T23:36:21.230696+00:00,Google,https://google.com,200,200,153,1,
2026-04-30T23:36:21.479655+00:00,Github,http://github.com/,200,200,248,1,
2026-05-01T01:26:42.795893+00:00,Google,https://google.com,200,200,200,1,
2026-05-01T01:26:43.041989+00:00,Github,http://github.com/,200,200,246,1,
2026-05-01T05:04:48.329866+00:00,Google,https://google.com,200,200,166,1,
2026-05-01T05:04:48.384824+00:00,Github,http://github.com/,200,200,54,1,
2026-05-01T07:35:52.077328+00:00,Google,https://google.com,200,200,210,1,
2026-05-01T07:35:52.380798+00:00,Github,http://github.com/,200,200,303,1,
2026-05-01T09:20:22.877427+00:00,Google,https://google.com,200,200,143,1,
2026-05-01T09:20:22.975592+00:00,Github,http://github.com/,200,200,98,1,
2026-05-01T10:50:49.537378+00:00,Google,https://google.com,200,200,152,1,
2026-05-01T10:50:49.801079+00:00,Github,http://github.com/,200,200,263,1,
2026-05-01T11:51:55.216077+00:00,Google,https://google.com,200,200,256,1,
2026-05-01T11:51:55.516367+00:00,Github,http://github.com/,200,200,300,1,
2026-05-01T12:58:13.994983+00:00,Google,https://google.com,200,200,156,1,
2026-05-01T12:58:14.263771+00:00,Github,http://github.com/,200,200,268,1,
2026-05-01T14:16:26.757137+00:00,Google,https://google.com,200,200,150,1,
2026-05-01T14:16:26.979403+00:00,Github,http://github.com/,200,200,222,1,
2026-05-01T15:31:12.628483+00:00,Google,https://google.com,200,200,236,1,
2026-05-01T15:31:12.963942+00:00,Github,http://github.com/,200,200,335,1,
2026-05-01T16:37:00.703862+00:00,Google,https://google.com,200,200,300,1,
2026-05-01T16:37:01.134962+00:00,Github,http://github.com/,200,200,431,1,
2026-05-01T17:39:50.225749+00:00,Google,https://google.com,200,200,115,1,
2026-05-01T17:39:50.311049+00:00,Github,http://github.com/,200,200,85,1,
2026-05-01T18:45:07.662445+00:00,Google,https://google.com,200,200,138,1,
2026-05-01T18:45:07.741967+00:00,Github,http://github.com/,200,200,79,1,
2026-05-01T19:53:11.742926+00:00,Google,https://google.com,200,200,293,1,
2026-05-01T19:53:12.526656+00:00,Github,http://github.com/,200,200,783,1,
2026-05-01T20:41:48.544385+00:00,Google,https://google.com,200,200,334,1,
2026-05-01T20:41:49.266212+00:00,Github,http://github.com/,200,200,721,1,
2026-05-01T21:37:07.138491+00:00,Google,https://google.com,200,200,179,1,
2026-05-01T21:37:07.236317+00:00,Github,http://github.com/,200,200,97,1,
2026-05-01T22:33:19.169250+00:00,Google,https://google.com,200,200,160,1,
2026-05-01T22:33:19.243462+00:00,Github,http://github.com/,200,200,74,1,
2026-05-01T23:36:02.714046+00:00,Google,https://google.com,200,200,211,1,
2026-05-01T23:36:02.991878+00:00,Github,http://github.com/,200,200,277,1,
2026-05-02T01:17:23.389606+00:00,Google,https://google.com,200,200,248,1,
2026-05-02T01:17:23.740144+00:00,Github,http://github.com/,200,200,350,1,
2026-05-02T04:35:43.476857+00:00,Google,https://google.com,200,200,123,1,
2026-05-02T04:35:43.530587+00:00,Github,http://github.com/,200,200,53,1,
2026-05-02T06:29:47.782859+00:00,Google,https://google.com,200,200,234,1,
2026-05-02T06:29:48.402997+00:00,Github,http://github.com/,200,200,620,1,
2026-05-02T08:09:08.032842+00:00,Google,https://google.com,200,200,200,1,
2026-05-02T08:09:08.134171+00:00,Github,http://github.com/,200,200,101,1,
2026-05-02T09:19:36.542941+00:00,Google,https://google.com,200,200,115,1,
2026-05-02T09:19:36.597945+00:00,Github,http://github.com/,200,200,54,1,
2026-05-02T10:27:05.794467+00:00,Google,https://google.com,200,200,140,1,
2026-05-02T10:27:06.098726+00:00,Github,http://github.com/,200,200,304,1,
2026-05-02T11:13:12.444820+00:00,Google,https://google.com,200,200,145,1,
2026-05-02T11:13:12.494848+00:00,Github,http://github.com/,200,200,49,1,
2026-05-02T11:59:20.032612+00:00,Google,https://google.com,200,200,200,1,
2026-05-02T11:59:20.769617+00:00,Github,http://github.com/,200,200,736,1,
2026-05-02T13:18:41.211079+00:00,Google,https://google.com,200,200,187,1,
2026-05-02T13:18:41.449359+00:00,Github,http://github.com/,200,200,238,1,
2026-05-02T14:28:09.626518+00:00,Google,https://google.com,200,200,160,1,
2026-05-02T14:28:09.894311+00:00,Github,http://github.com/,200,200,267,1,
2026-05-02T15:11:19.371598+00:00,Google,https://google.com,200,200,167,1,
2026-05-02T15:11:19.633206+00:00,Github,http://github.com/,200,200,261,1,
2026-05-02T16:00:21.938493+00:00,Google,https://google.com,200,200,116,1,
2026-05-02T16:00:21.993441+00:00,Github,http://github.com/,200,200,54,1,
2026-05-02T17:05:10.790005+00:00,Google,https://google.com,200,200,213,1,
2026-05-02T17:05:10.872028+00:00,Github,http://github.com/,200,200,81,1,
2026-05-02T18:01:17.088005+00:00,Google,https://google.com,200,200,151,1,
2026-05-02T18:01:17.293566+00:00,Github,http://github.com/,200,200,205,1,
2026-05-02T19:16:06.863542+00:00,Google,https://google.com,200,200,154,1,
2026-05-02T19:16:07.093998+00:00,Github,http://github.com/,200,200,230,1,
2026-05-02T20:03:15.189361+00:00,Google,https://google.com,200,200,272,1,
2026-05-02T20:03:15.549687+00:00,Github,http://github.com/,200,200,360,1,
2026-05-02T20:58:31.813378+00:00,Google,https://google.com,200,200,218,1,
2026-05-02T20:58:32.084976+00:00,Github,http://github.com/,200,200,271,1,
2026-05-02T21:41:31.001540+00:00,Google,https://google.com,200,200,294,1,
2026-05-02T21:41:31.334641+00:00,Github,http://github.com/,200,200,333,1,
2026-05-02T22:22:26.053544+00:00,Google,https://google.com,200,200,260,1,
2026-05-02T22:22:26.261474+00:00,Github,http://github.com/,200,200,207,1,
2026-05-02T23:07:29.351905+00:00,Google,https://google.com,200,200,153,1,
2026-05-02T23:07:29.445149+00:00,Github,http://github.com/,200,200,93,1,
2026-05-02T23:59:09.910046+00:00,Google,https://google.com,200,200,215,1,
2026-05-02T23:59:10.157444+00:00,Github,http://github.com/,200,200,247,1,
2026-05-03T03:29:55.273890+00:00,Google,https://google.com,200,200,299,1,
2026-05-03T03:29:55.614257+00:00,Github,http://github.com/,200,200,340,1,
2026-05-03T06:16:00.798779+00:00,Google,https://google.com,200,200,242,1,
2026-05-03T06:16:01.082278+00:00,Github,http://github.com/,200,200,283,1,
2026-05-03T08:18:01.524074+00:00,Google,https://google.com,200,200,243,1,
2026-05-03T08:18:01.620627+00:00,Github,http://github.com/,200,200,96,1,
2026-05-03T09:44:21.836006+00:00,Google,https://google.com,200,200,158,1,
2026-05-03T09:44:21.902740+00:00,Github,http://github.com/,200,200,66,1,
2026-05-03T10:37:34.672676+00:00,Google,https://google.com,200,200,167,1,
2026-05-03T10:37:35.364111+00:00,Github,http://github.com/,200,200,691,1,
2026-05-03T11:25:09.525588+00:00,Google,https://google.com,200,200,119,1,
2026-05-03T11:25:09.575359+00:00,Github,http://github.com/,200,200,49,1,
2026-05-03T12:02:50.189384+00:00,Google,https://google.com,200,200,204,1,
2026-05-03T12:02:50.247087+00:00,Github,http://github.com/,200,200,57,1,
2026-05-03T13:47:13.091803+00:00,Google,https://google.com,200,200,253,1,
2026-05-03T13:47:13.787041+00:00,Github,http://github.com/,200,200,695,1,
2026-05-03T14:41:51.555913+00:00,Google,https://google.com,200,200,121,1,
2026-05-03T14:41:51.606612+00:00,Github,http://github.com/,200,200,50,1,
2026-05-03T15:30:13.527775+00:00,Google,https://google.com,200,200,160,1,
2026-05-03T15:30:13.793434+00:00,Github,http://github.com/,200,200,265,1,
2026-05-03T16:28:51.159991+00:00,Google,https://google.com,200,200,200,1,
2026-05-03T16:28:51.259460+00:00,Github,http://github.com/,200,200,99,1,
2026-05-03T17:24:32.405552+00:00,Google,https://google.com,200,200,229,1,
2026-05-03T17:24:33.182282+00:00,Github,http://github.com/,200,200,776,1,
2026-05-03T18:08:28.854703+00:00,Google,https://google.com,200,200,162,1,
2026-05-03T18:08:29.123745+00:00,Github,http://github.com/,200,200,268,1,
2026-05-03T19:16:23.110060+00:00,Google,https://google.com,200,200,178,1,
2026-05-03T19:16:23.327989+00:00,Github,http://github.com/,200,200,217,1,
2026-05-03T20:04:21.942154+00:00,Google,https://google.com,200,200,133,1,
2026-05-03T20:04:22.012042+00:00,Github,http://github.com/,200,200,69,1,
2026-05-03T21:00:51.574251+00:00,Google,https://google.com,200,200,159,1,
2026-05-03T21:00:51.628094+00:00,Github,http://github.com/,200,200,53,1,
2026-05-03T21:58:25.959611+00:00,Google,https://google.com,200,200,267,1,
2026-05-03T21:58:26.209946+00:00,Github,http://github.com/,200,200,250,1,
2026-05-03T22:41:48.802569+00:00,Google,https://google.com,200,200,194,1,
2026-05-03T22:41:49.031199+00:00,Github,http://github.com/,200,200,228,1,
2026-05-03T23:27:40.150548+00:00,Google,https://google.com,200,200,242,1,
2026-05-03T23:27:40.541201+00:00,Github,http://github.com/,200,200,390,1,
2026-05-04T00:10:18.009466+00:00,Google,https://google.com,200,200,164,1,
2026-05-04T00:10:18.257699+00:00,Github,http://github.com/,200,200,248,1,
2026-05-04T04:07:02.151957+00:00,Google,https://google.com,200,200,199,1,
2026-05-04T04:07:02.405384+00:00,Github,http://github.com/,200,200,253,1,
2026-05-04T07:21:41.475561+00:00,Google,https://google.com,200,200,176,1,
2026-05-04T07:21:41.526795+00:00,Github,http://github.com/,200,200,51,1,
2026-05-04T09:34:17.584724+00:00,Google,https://google.com,200,200,247,1,
2026-05-04T09:34:18.145865+00:00,Github,http://github.com/,200,200,561,1,
2026-05-04T11:25:20.789669+00:00,Google,https://google.com,200,200,146,1,
2026-05-04T11:25:20.858162+00:00,Github,http://github.com/,200,200,68,1,
2026-05-04T13:04:15.671861+00:00,Google,https://google.com,200,200,250,1,
2026-05-04T13:04:16.338808+00:00,Github,http://github.com/,200,200,666,1,
2026-05-04T15:19:09.561852+00:00,Google,https://google.com,200,200,184,1,
2026-05-04T15:19:09.840652+00:00,Github,http://github.com/,200,200,278,1,
2026-05-04T17:08:59.426731+00:00,Google,https://google.com,200,200,181,1,
2026-05-04T17:08:59.527920+00:00,Github,http://github.com/,200,200,101,1,
2026-05-04T18:53:43.415884+00:00,Google,https://google.com,200,200,190,1,
2026-05-04T18:53:43.688750+00:00,Github,http://github.com/,200,200,272,1,
2026-05-04T20:10:37.100987+00:00,Google,https://google.com,200,200,296,1,
2026-05-04T20:10:37.215639+00:00,Github,http://github.com/,200,200,114,1,
2026-05-04T21:18:59.387251+00:00,Google,https://google.com,200,200,201,1,
2026-05-04T21:18:59.610983+00:00,Github,http://github.com/,200,200,223,1,
2026-05-04T22:30:48.885314+00:00,Google,https://google.com,200,200,225,1,
2026-05-04T22:30:49.513492+00:00,Github,http://github.com/,200,200,628,1,
2026-05-04T23:32:54.029263+00:00,Google,https://google.com,200,200,173,1,
2026-05-04T23:32:54.295128+00:00,Github,http://github.com/,200,200,265,1,
2026-05-05T01:17:46.449299+00:00,Google,https://google.com,200,200,172,1,
2026-05-05T01:17:46.692730+00:00,Github,http://github.com/,200,200,243,1,
2026-05-05T04:36:00.601116+00:00,Google,https://google.com,200,200,234,1,
2026-05-05T04:36:01.115692+00:00,Github,http://github.com/,200,200,514,1,
2026-05-05T07:03:28.034094+00:00,Google,https://google.com,200,200,203,1,
2026-05-05T07:03:28.716913+00:00,Github,http://github.com/,200,200,682,1,
2026-05-05T09:18:01.147281+00:00,Google,https://google.com,200,200,153,1,
2026-05-05T09:18:01.211316+00:00,Github,http://github.com/,200,200,63,1,
2026-05-05T10:58:11.026771+00:00,Google,https://google.com,200,200,149,1,
2026-05-05T10:58:11.287724+00:00,Github,http://github.com/,200,200,260,1,
2026-05-05T12:01:24.954585+00:00,Google,https://google.com,200,200,148,1,
2026-05-05T12:01:25.029710+00:00,Github,http://github.com/,200,200,75,1,
2026-05-05T14:22:06.337744+00:00,Google,https://google.com,200,200,197,1,
2026-05-05T14:22:06.614878+00:00,Github,http://github.com/,200,200,277,1,
2026-05-05T17:47:29.550577+00:00,Google,https://google.com,200,200,168,1,
2026-05-05T17:47:30.247336+00:00,Github,http://github.com/,200,200,696,1,
2026-05-05T19:06:45.658083+00:00,Google,https://google.com,200,200,262,1,
2026-05-05T19:06:46.122380+00:00,Github,http://github.com/,200,200,464,1,
2026-05-05T20:15:50.732992+00:00,Google,https://google.com,200,200,157,1,
2026-05-05T20:15:50.834407+00:00,Github,http://github.com/,200,200,101,1,
2026-05-05T21:32:27.811953+00:00,Google,https://google.com,200,200,233,1,
2026-05-05T21:32:28.418143+00:00,Github,http://github.com/,200,200,606,1,
2026-05-05T22:35:36.878788+00:00,Google,https://google.com,200,200,228,1,
2026-05-05T22:35:37.506053+00:00,Github,http://github.com/,200,200,627,1,
2026-05-05T23:30:34.717947+00:00,Google,https://google.com,200,200,186,1,
2026-05-05T23:30:34.976874+00:00,Github,http://github.com/,200,200,258,1,
2026-05-06T01:15:55.106001+00:00,Google,https://google.com,200,200,255,1,
2026-05-06T01:15:55.195490+00:00,Github,http://github.com/,200,200,89,1,
2026-05-06T04:49:43.303980+00:00,Google,https://google.com,200,200,249,1,
2026-05-06T04:49:43.833274+00:00,Github,http://github.com/,200,200,529,1,
2026-05-06T07:31:26.654000+00:00,Google,https://google.com,200,200,140,1,
2026-05-06T07:31:26.761002+00:00,Github,http://github.com/,200,200,106,1,
2026-05-06T10:01:20.368759+00:00,Google,https://google.com,200,429,407,0,HTTPError: HTTP Error 429: Too Many Requests
2026-05-06T10:01:20.421103+00:00,Github,http://github.com/,200,200,52,1,
2026-05-06T12:04:30.100120+00:00,Google,https://google.com,200,200,164,1,
2026-05-06T12:04:30.854393+00:00,Github,http://github.com/,200,200,754,1,
2026-05-06T14:44:19.715769+00:00,Google,https://google.com,200,200,243,1,
2026-05-06T14:44:20.228260+00:00,Github,http://github.com/,200,200,512,1,
2026-05-06T16:19:11.785109+00:00,Google,https://google.com,200,200,185,1,
2026-05-06T16:19:11.836562+00:00,Github,http://github.com/,200,200,51,1,
2026-05-06T17:57:29.062250+00:00,Google,https://google.com,200,200,222,1,
2026-05-06T17:57:29.368778+00:00,Github,http://github.com/,200,200,306,1,
2026-05-06T19:42:37.244232+00:00,Google,https://google.com,200,200,200,1,
2026-05-06T19:42:37.452289+00:00,Github,http://github.com/,200,200,208,1,
2026-05-06T20:57:29.850758+00:00,Google,https://google.com,200,200,193,1,
2026-05-06T20:57:30.630734+00:00,Github,http://github.com/,200,200,779,1,
2026-05-06T21:54:54.371901+00:00,Google,https://google.com,200,200,114,1,
2026-05-06T21:54:54.420192+00:00,Github,http://github.com/,200,200,48,1,
2026-05-06T22:44:26.087805+00:00,Google,https://google.com,200,200,220,1,
2026-05-06T22:44:26.141851+00:00,Github,http://github.com/,200,200,54,1,
2026-05-06T23:35:53.130829+00:00,Google,https://google.com,200,200,168,1,
2026-05-06T23:35:53.417755+00:00,Github,http://github.com/,200,200,286,1,
2026-05-07T01:22:35.498389+00:00,Google,https://google.com,200,200,185,1,
2026-05-07T01:22:35.742656+00:00,Github,http://github.com/,200,200,244,1,
2026-05-07T04:50:21.740964+00:00,Google,https://google.com,200,200,204,1,
2026-05-07T04:50:22.436438+00:00,Github,http://github.com/,200,200,695,1,
2026-05-07T07:37:41.084809+00:00,Google,https://google.com,200,200,143,1,
2026-05-07T07:37:41.369350+00:00,Github,http://github.com/,200,200,284,1,
2026-05-07T10:06:55.416718+00:00,Google,https://google.com,200,200,227,1,
2026-05-07T10:06:55.671886+00:00,Github,http://github.com/,200,200,255,1,
2026-05-07T12:03:54.928680+00:00,Google,https://google.com,200,200,210,1,
2026-05-07T12:03:55.177986+00:00,Github,http://github.com/,200,200,249,1,
2026-05-07T14:48:07.362683+00:00,Google,https://google.com,200,200,157,1,
2026-05-07T14:48:07.655486+00:00,Github,http://github.com/,200,200,292,1,
2026-05-07T16:43:45.547164+00:00,Google,https://google.com,200,200,173,1,
2026-05-07T16:43:45.651327+00:00,Github,http://github.com/,200,200,104,1,
2026-05-07T18:14:38.914001+00:00,Google,https://google.com,200,200,145,1,
2026-05-07T18:14:39.118517+00:00,Github,http://github.com/,200,200,204,1,
2026-05-07T19:54:42.727322+00:00,Google,https://google.com,200,200,171,1,
2026-05-07T19:54:42.775516+00:00,Github,http://github.com/,200,200,48,1,
2026-05-07T20:58:31.468306+00:00,Google,https://google.com,200,200,223,1,
2026-05-07T20:58:31.524130+00:00,Github,http://github.com/,200,200,55,1,
2026-05-07T21:59:08.146524+00:00,Google,https://google.com,200,200,495,1,
2026-05-07T21:59:08.374380+00:00,Github,http://github.com/,200,200,227,1,
2026-05-07T23:01:53.624820+00:00,Google,https://google.com,200,200,178,1,
2026-05-07T23:01:54.373336+00:00,Github,http://github.com/,200,200,748,1,
2026-05-08T00:04:11.541162+00:00,Google,https://google.com,200,200,202,1,
2026-05-08T00:04:11.761962+00:00,Github,http://github.com/,200,200,220,1,
2026-05-08T03:51:31.646258+00:00,Google,https://google.com,200,200,174,1,
2026-05-08T03:51:31.742543+00:00,Github,http://github.com/,200,200,96,1,
2026-05-08T05:51:08.494888+00:00,Google,https://google.com,200,200,185,1,
2026-05-08T05:51:08.727976+00:00,Github,http://github.com/,200,200,233,1,
2026-05-08T07:17:11.577235+00:00,Google,https://google.com,200,200,161,1,
2026-05-08T07:17:11.794160+00:00,Github,http://github.com/,200,200,216,1,
2026-05-08T08:52:52.941593+00:00,Google,https://google.com,200,200,125,1,
2026-05-08T08:52:52.996695+00:00,Github,http://github.com/,200,200,55,1,
2026-05-08T10:18:24.826391+00:00,Google,https://google.com,200,200,211,1,
2026-05-08T10:18:25.093297+00:00,Github,http://github.com/,200,200,266,1,
2026-05-08T11:50:01.310017+00:00,Google,https://google.com,200,200,263,1,
2026-05-08T11:50:01.647528+00:00,Github,http://github.com/,200,200,337,1,
2026-05-08T13:10:46.540193+00:00,Google,https://google.com,200,200,117,1,
2026-05-08T13:10:46.604676+00:00,Github,http://github.com/,200,200,64,1,
2026-05-08T15:02:01.451842+00:00,Google,https://google.com,200,200,184,1,
2026-05-08T15:02:02.132384+00:00,Github,http://github.com/,200,200,680,1,
2026-05-08T16:43:13.117305+00:00,Google,https://google.com,200,200,136,1,
2026-05-08T16:43:13.177304+00:00,Github,http://github.com/,200,200,59,1,
2026-05-08T17:58:11.783423+00:00,Google,https://google.com,200,200,200,1,
2026-05-08T17:58:11.892322+00:00,Github,http://github.com/,200,200,108,1,
2026-05-08T19:17:25.978218+00:00,Google,https://google.com,200,200,164,1,
2026-05-08T19:17:26.252505+00:00,Github,http://github.com/,200,200,274,1,
2026-05-08T20:32:16.000951+00:00,Google,https://google.com,200,200,148,1,
2026-05-08T20:32:16.231443+00:00,Github,http://github.com/,200,200,230,1,
2026-05-08T21:38:54.528072+00:00,Google,https://google.com,200,200,136,1,
2026-05-08T21:38:54.578553+00:00,Github,http://github.com/,200,200,50,1,
2026-05-08T22:35:52.664832+00:00,Google,https://google.com,200,200,153,1,
2026-05-08T22:35:52.950755+00:00,Github,http://github.com/,200,200,285,1,
2026-05-08T23:36:28.252143+00:00,Google,https://google.com,200,200,118,1,
2026-05-08T23:36:28.310302+00:00,Github,http://github.com/,200,200,58,1,
2026-05-09T01:21:09.038202+00:00,Google,https://google.com,200,200,214,1,
2026-05-09T01:21:09.722302+00:00,Github,http://github.com/,200,200,684,1,
2026-05-09T04:41:38.015012+00:00,Google,https://google.com,200,200,211,1,
2026-05-09T04:41:38.301501+00:00,Github,http://github.com/,200,200,286,1,
2026-05-09T06:36:15.413301+00:00,Google,https://google.com,200,200,301,1,
2026-05-09T06:36:15.764201+00:00,Github,http://github.com/,200,200,350,1,
2026-05-09T08:21:56.562475+00:00,Google,https://google.com,200,200,178,1,
2026-05-09T08:21:57.311325+00:00,Github,http://github.com/,200,200,748,1,
2026-05-09T09:50:17.942977+00:00,Google,https://google.com,200,200,120,1,
2026-05-09T09:50:18.014742+00:00,Github,http://github.com/,200,200,71,1,
2026-05-09T10:49:26.206000+00:00,Google,https://google.com,200,200,186,1,
2026-05-09T10:49:26.302838+00:00,Github,http://github.com/,200,200,96,1,
2026-05-09T11:42:00.224625+00:00,Google,https://google.com,200,200,263,1,
2026-05-09T11:42:00.757577+00:00,Github,http://github.com/,200,200,532,1,
2026-05-09T12:41:34.353095+00:00,Google,https://google.com,200,200,116,1,
2026-05-09T12:41:34.416208+00:00,Github,http://github.com/,200,200,63,1,
2026-05-09T14:05:03.491591+00:00,Google,https://google.com,200,200,176,1,
2026-05-09T14:05:03.601504+00:00,Github,http://github.com/,200,200,109,1,
2026-05-09T15:10:45.291650+00:00,Google,https://google.com,200,200,155,1,
2026-05-09T15:10:45.394772+00:00,Github,http://github.com/,200,200,103,1,
2026-05-09T16:06:31.703468+00:00,Google,https://google.com,200,200,203,1,
2026-05-09T16:06:31.959877+00:00,Github,http://github.com/,200,200,256,1,
2026-05-09T17:10:18.798097+00:00,Google,https://google.com,200,200,176,1,
2026-05-09T17:10:19.056590+00:00,Github,http://github.com/,200,200,258,1,
2026-05-09T18:03:12.627200+00:00,Google,https://google.com,200,200,184,1,
2026-05-09T18:03:12.852836+00:00,Github,http://github.com/,200,200,225,1,
2026-05-09T19:20:44.347393+00:00,Google,https://google.com,200,200,167,1,
2026-05-09T19:20:44.576474+00:00,Github,http://github.com/,200,200,229,1,
2026-05-09T20:06:41.786282+00:00,Google,https://google.com,200,200,121,1,
2026-05-09T20:06:41.838838+00:00,Github,http://github.com/,200,200,52,1,
2026-05-09T21:01:12.937910+00:00,Google,https://google.com,200,200,191,1,
2026-05-09T21:01:13.045105+00:00,Github,http://github.com/,200,200,107,1,
2026-05-09T21:59:26.204374+00:00,Google,https://google.com,200,200,150,1,
2026-05-09T21:59:26.266762+00:00,Github,http://github.com/,200,200,62,1,
2026-05-09T22:50:51.345837+00:00,Google,https://google.com,200,200,218,1,
2026-05-09T22:50:51.979630+00:00,Github,http://github.com/,200,200,633,1,
2026-05-09T23:38:20.100859+00:00,Google,https://google.com,200,200,157,1,
2026-05-09T23:38:20.374133+00:00,Github,http://github.com/,200,200,273,1,
2026-05-10T01:24:43.825642+00:00,Google,https://google.com,200,200,161,1,
2026-05-10T01:24:44.086536+00:00,Github,http://github.com/,200,200,260,1,
2026-05-10T04:57:38.859323+00:00,Google,https://google.com,200,200,188,1,
2026-05-10T04:57:39.122623+00:00,Github,http://github.com/,200,200,263,1,
2026-05-10T07:24:35.037353+00:00,Google,https://google.com,200,200,233,1,
2026-05-10T07:24:35.601306+00:00,Github,http://github.com/,200,200,563,1,
2026-05-10T09:11:15.974152+00:00,Google,https://google.com,200,200,149,1,
2026-05-10T09:11:16.050247+00:00,Github,http://github.com/,200,200,76,1,
2026-05-10T10:36:34.702357+00:00,Google,https://google.com,200,200,300,1,
2026-05-10T10:36:35.041960+00:00,Github,http://github.com/,200,200,339,1,
2026-05-10T11:31:26.574466+00:00,Google,https://google.com,200,200,260,1,
2026-05-10T11:31:27.200370+00:00,Github,http://github.com/,200,200,625,1,
2026-05-10T12:40:07.019890+00:00,Google,https://google.com,200,200,168,1,
2026-05-10T12:40:07.288375+00:00,Github,http://github.com/,200,200,268,1,
2026-05-10T14:05:57.782065+00:00,Google,https://google.com,200,200,120,1,
2026-05-10T14:05:57.839599+00:00,Github,http://github.com/,200,200,57,1,
2026-05-10T15:12:08.666830+00:00,Google,https://google.com,200,200,270,1,
2026-05-10T15:12:08.940320+00:00,Github,http://github.com/,200,200,273,1,
2026-05-10T16:08:45.038332+00:00,Google,https://google.com,200,200,210,1,
2026-05-10T16:08:45.135139+00:00,Github,http://github.com/,200,200,96,1,
2026-05-10T17:10:51.268512+00:00,Google,https://google.com,200,200,166,1,
2026-05-10T17:10:51.337739+00:00,Github,http://github.com/,200,200,69,1,
2026-05-10T18:04:31.011407+00:00,Google,https://google.com,200,200,119,1,
2026-05-10T18:04:31.065431+00:00,Github,http://github.com/,200,200,53,1,
2026-05-10T19:21:23.578230+00:00,Google,https://google.com,200,200,120,1,
2026-05-10T19:21:23.634683+00:00,Github,http://github.com/,200,200,56,1,
2026-05-10T20:08:19.569039+00:00,Google,https://google.com,200,200,218,1,
2026-05-10T20:08:20.311958+00:00,Github,http://github.com/,200,200,742,1,
2026-05-10T21:04:41.162134+00:00,Google,https://google.com,200,200,149,1,
2026-05-10T21:04:41.379825+00:00,Github,http://github.com/,200,200,217,1,
2026-05-10T22:02:43.876397+00:00,Google,https://google.com,200,200,224,1,
2026-05-10T22:02:44.343046+00:00,Github,http://github.com/,200,200,466,1,
2026-05-10T23:06:39.104774+00:00,Google,https://google.com,200,200,162,1,
2026-05-10T23:06:39.203176+00:00,Github,http://github.com/,200,200,98,1,
2026-05-11T00:06:28.263415+00:00,Google,https://google.com,200,200,224,1,
2026-05-11T00:06:28.530268+00:00,Github,http://github.com/,200,200,266,1,
2026-05-11T04:33:36.510537+00:00,Google,https://google.com,200,200,338,1,
2026-05-11T04:33:36.570209+00:00,Github,http://github.com/,200,200,59,1,
2026-05-11T08:03:54.235022+00:00,Google,https://google.com,200,200,275,1,
2026-05-11T08:03:54.696423+00:00,Github,http://github.com/,200,200,461,1,
2026-05-11T11:34:40.636744+00:00,Google,https://google.com,200,200,162,1,
2026-05-11T11:34:40.733558+00:00,Github,http://github.com/,200,200,96,1,
2026-05-11T14:07:54.693053+00:00,Google,https://google.com,200,200,165,1,
2026-05-11T14:07:54.749055+00:00,Github,http://github.com/,200,200,55,1,
2026-05-11T16:45:04.110927+00:00,Google,https://google.com,200,200,284,1,
2026-05-11T16:45:04.814037+00:00,Github,http://github.com/,200,200,703,1,
2026-05-11T18:26:42.912040+00:00,Google,https://google.com,200,200,164,1,
2026-05-11T18:26:42.969154+00:00,Github,http://github.com/,200,200,57,1,
2026-05-11T20:14:48.327429+00:00,Google,https://google.com,200,200,177,1,
2026-05-11T20:14:49.029081+00:00,Github,http://github.com/,200,200,701,1,
2026-05-11T21:42:21.647029+00:00,Google,https://google.com,200,200,173,1,
2026-05-11T21:42:21.746409+00:00,Github,http://github.com/,200,200,99,1,
2026-05-11T22:38:49.527497+00:00,Google,https://google.com,200,200,211,1,
2026-05-11T22:38:49.790187+00:00,Github,http://github.com/,200,200,262,1,
2026-05-11T23:38:22.235854+00:00,Google,https://google.com,200,200,163,1,
2026-05-11T23:38:22.513186+00:00,Github,http://github.com/,200,200,277,1,
2026-05-12T01:22:26.496001+00:00,Google,https://google.com,200,200,157,1,
2026-05-12T01:22:26.600072+00:00,Github,http://github.com/,200,200,104,1,
2026-05-12T04:55:25.111266+00:00,Google,https://google.com,200,200,255,1,
2026-05-12T04:55:25.486460+00:00,Github,http://github.com/,200,200,375,1,
2026-05-12T07:38:22.717731+00:00,Google,https://google.com,200,200,158,1,
2026-05-12T07:38:23.368606+00:00,Github,http://github.com/,200,200,650,1,
2026-05-12T10:13:45.722571+00:00,Google,https://google.com,200,200,160,1,
2026-05-12T10:13:45.818151+00:00,Github,http://github.com/,200,200,95,1,
2026-05-12T12:17:55.886459+00:00,Google,https://google.com,200,200,259,1,
2026-05-12T12:17:55.932900+00:00,Github,http://github.com/,200,200,46,1,
2026-05-12T15:18:20.298000+00:00,Google,https://google.com,200,200,158,1,
2026-05-12T15:18:20.524728+00:00,Github,http://github.com/,200,200,226,1,
2026-05-12T17:30:24.111214+00:00,Google,https://google.com,200,200,260,1,
2026-05-12T17:30:24.477214+00:00,Github,http://github.com/,200,200,365,1,
2026-05-12T19:21:37.317086+00:00,Google,https://google.com,200,200,219,1,
2026-05-12T19:21:37.536156+00:00,Github,http://github.com/,200,200,219,1,
2026-05-12T20:57:08.037425+00:00,Google,https://google.com,200,200,239,1,
2026-05-12T20:57:08.768769+00:00,Github,http://github.com/,200,200,731,1,
2026-05-12T22:09:33.748734+00:00,Google,https://google.com,200,200,227,1,
2026-05-12T22:09:33.846891+00:00,Github,http://github.com/,200,200,98,1,
2026-05-12T23:17:19.347160+00:00,Google,https://google.com,200,200,164,1,
2026-05-12T23:17:19.448932+00:00,Github,http://github.com/,200,200,101,1,
2026-05-13T01:22:08.182252+00:00,Google,https://google.com,200,200,269,1,
2026-05-13T01:22:08.707825+00:00,Github,http://github.com/,200,200,525,1,
2026-05-13T05:03:19.912634+00:00,Google,https://google.com,200,200,183,1,
2026-05-13T05:03:20.133248+00:00,Github,http://github.com/,200,200,220,1,
2026-05-13T08:10:26.465271+00:00,Google,https://google.com,200,200,258,1,
2026-05-13T08:10:27.072585+00:00,Github,http://github.com/,200,200,607,1,
2026-05-13T10:41:38.285072+00:00,Google,https://google.com,200,200,190,1,
2026-05-13T10:41:38.923551+00:00,Github,http://github.com/,200,200,638,1,
2026-05-13T12:32:01.817655+00:00,Google,https://google.com,200,200,183,1,
2026-05-13T12:32:02.086902+00:00,Github,http://github.com/,200,200,269,1,
2026-05-13T15:34:14.210430+00:00,Google,https://google.com,200,200,211,1,
2026-05-13T15:34:14.498382+00:00,Github,http://github.com/,200,200,287,1,
2026-05-13T17:49:44.344432+00:00,Google,https://google.com,200,200,195,1,
2026-05-13T17:49:44.613266+00:00,Github,http://github.com/,200,200,268,1,
2026-05-13T19:41:55.726990+00:00,Google,https://google.com,200,200,267,1,
2026-05-13T19:41:56.038900+00:00,Github,http://github.com/,200,200,311,1,
2026-05-13T21:11:08.531106+00:00,Google,https://google.com,200,200,171,1,
2026-05-13T21:11:08.818368+00:00,Github,http://github.com/,200,200,287,1,
2026-05-13T22:37:27.476284+00:00,Google,https://google.com,200,200,141,1,
2026-05-13T22:37:27.704823+00:00,Github,http://github.com/,200,200,228,1,
2026-05-13T23:40:42.216469+00:00,Google,https://google.com,200,200,128,1,
2026-05-13T23:40:42.289889+00:00,Github,http://github.com/,200,200,73,1,
2026-05-14T01:31:36.626537+00:00,Google,https://google.com,200,200,123,1,
2026-05-14T01:31:36.693052+00:00,Github,http://github.com/,200,200,66,1,
2026-05-14T05:32:09.335638+00:00,Google,https://google.com,200,200,235,1,
2026-05-14T05:32:09.589075+00:00,Github,http://github.com/,200,200,253,1,
2026-05-14T08:16:21.286952+00:00,Google,https://google.com,200,200,150,1,
2026-05-14T08:16:21.515566+00:00,Github,http://github.com/,200,200,228,1,
2026-05-14T10:39:40.088722+00:00,Google,https://google.com,200,200,253,1,
2026-05-14T10:39:40.658377+00:00,Github,http://github.com/,200,200,569,1,
2026-05-14T12:16:14.287833+00:00,Google,https://google.com,200,200,202,1,
2026-05-14T12:16:15.045690+00:00,Github,http://github.com/,200,200,757,1,
2026-05-14T15:03:23.061205+00:00,Google,https://google.com,200,200,168,1,
2026-05-14T15:03:23.703380+00:00,Github,http://github.com/,200,200,642,1,
2026-05-14T17:07:34.977610+00:00,Google,https://google.com,200,200,230,1,
2026-05-14T17:07:35.372768+00:00,Github,http://github.com/,200,200,395,1,
2026-05-14T19:04:27.829885+00:00,Google,https://google.com,200,200,172,1,
2026-05-14T19:04:27.932016+00:00,Github,http://github.com/,200,200,102,1,
2026-05-14T20:43:00.007258+00:00,Google,https://google.com,200,200,164,1,
2026-05-14T20:43:00.679374+00:00,Github,http://github.com/,200,200,672,1,
2026-05-14T21:49:49.056306+00:00,Google,https://google.com,200,200,199,1,
2026-05-14T21:49:49.157802+00:00,Github,http://github.com/,200,200,101,1,
2026-05-14T22:49:41.158492+00:00,Google,https://google.com,200,200,167,1,
2026-05-14T22:49:41.260019+00:00,Github,http://github.com/,200,200,101,1,
2026-05-14T23:46:09.444684+00:00,Google,https://google.com,200,200,125,1,
2026-05-14T23:46:09.522840+00:00,Github,http://github.com/,200,200,78,1,
2026-05-15T02:14:40.508369+00:00,Google,https://google.com,200,200,245,1,
2026-05-15T02:14:40.850993+00:00,Github,http://github.com/,200,200,342,1,
2026-05-15T06:04:46.026500+00:00,Google,https://google.com,200,200,163,1,
2026-05-15T06:04:46.299646+00:00,Github,http://github.com/,200,200,273,1,
2026-05-15T09:23:23.581152+00:00,Google,https://google.com,200,200,347,1,
2026-05-15T09:23:23.923238+00:00,Github,http://github.com/,200,200,342,1,
2026-05-15T11:32:18.588015+00:00,Google,https://google.com,200,200,143,1,
2026-05-15T11:32:18.812921+00:00,Github,http://github.com/,200,200,224,1,
2026-05-15T13:17:09.900987+00:00,Google,https://google.com,200,200,230,1,
2026-05-15T13:17:10.552197+00:00,Github,http://github.com/,200,200,651,1,
2026-05-15T15:33:51.783373+00:00,Google,https://google.com,200,200,195,1,
2026-05-15T15:33:52.494317+00:00,Github,http://github.com/,200,200,710,1,
2026-05-15T17:14:14.744330+00:00,Google,https://google.com,200,200,181,1,
2026-05-15T17:14:15.001387+00:00,Github,http://github.com/,200,200,257,1,
2026-05-15T18:54:41.977878+00:00,Google,https://google.com,200,200,152,1,
2026-05-15T18:54:42.198977+00:00,Github,http://github.com/,200,200,221,1,
2026-05-15T20:10:18.201038+00:00,Google,https://google.com,200,200,268,1,
2026-05-15T20:10:18.541905+00:00,Github,http://github.com/,200,200,340,1,
2026-05-15T21:17:27.956049+00:00,Google,https://google.com,200,200,166,1,
2026-05-15T21:17:28.057164+00:00,Github,http://github.com/,200,200,101,1,
2026-05-15T22:28:27.067814+00:00,Google,https://google.com,200,200,141,1,
2026-05-15T22:28:27.281933+00:00,Github,http://github.com/,200,200,214,1,
2026-05-15T23:27:55.917361+00:00,Google,https://google.com,200,200,151,1,
2026-05-15T23:27:55.990571+00:00,Github,http://github.com/,200,200,73,1,
2026-05-16T01:14:43.981511+00:00,Google,https://google.com,200,200,242,1,
2026-05-16T01:14:44.618191+00:00,Github,http://github.com/,200,200,636,1,
2026-05-16T04:38:44.136327+00:00,Google,https://google.com,200,200,152,1,
2026-05-16T04:38:44.200169+00:00,Github,http://github.com/,200,200,63,1,
2026-05-16T07:01:37.309350+00:00,Google,https://google.com,200,200,233,1,
2026-05-16T07:01:37.715218+00:00,Github,http://github.com/,200,200,405,1,
2026-05-16T08:58:57.015822+00:00,Google,https://google.com,200,200,229,1,
2026-05-16T08:58:57.646123+00:00,Github,http://github.com/,200,200,630,1,
2026-05-16T10:17:39.955884+00:00,Google,https://google.com,200,200,183,1,
2026-05-16T10:17:40.186217+00:00,Github,http://github.com/,200,200,230,1,
2026-05-16T11:29:19.924275+00:00,Google,https://google.com,200,200,170,1,
2026-05-16T11:29:19.996492+00:00,Github,http://github.com/,200,200,72,1,
2026-05-16T12:37:10.885856+00:00,Google,https://google.com,200,200,150,1,
2026-05-16T12:37:10.937732+00:00,Github,http://github.com/,200,200,51,1,
2026-05-16T14:07:58.457369+00:00,Google,https://google.com,200,200,223,1,
2026-05-16T14:07:58.556707+00:00,Github,http://github.com/,200,200,99,1,
2026-05-16T15:14:05.176051+00:00,Google,https://google.com,200,200,196,1,
2026-05-16T15:14:05.429536+00:00,Github,http://github.com/,200,200,253,1,
2026-05-16T16:09:46.034578+00:00,Google,https://google.com,200,200,166,1,
2026-05-16T16:09:46.089579+00:00,Github,http://github.com/,200,200,54,1,
2026-05-16T17:13:04.401366+00:00,Google,https://google.com,200,200,188,1,
2026-05-16T17:13:04.508913+00:00,Github,http://github.com/,200,200,107,1,
2026-05-16T18:05:41.000467+00:00,Google,https://google.com,200,200,128,1,
2026-05-16T18:05:41.070109+00:00,Github,http://github.com/,200,200,69,1,
2026-05-16T19:21:49.545389+00:00,Google,https://google.com,200,200,251,1,
2026-05-16T19:21:49.837128+00:00,Github,http://github.com/,200,200,291,1,
2026-05-16T20:09:24.919890+00:00,Google,https://google.com,200,200,157,1,
2026-05-16T20:09:25.135078+00:00,Github,http://github.com/,200,200,215,1,
2026-05-16T21:02:22.921890+00:00,Google,https://google.com,200,200,194,1,
2026-05-16T21:02:23.189675+00:00,Github,http://github.com/,200,200,267,1,
2026-05-16T22:03:05.731158+00:00,Google,https://google.com,200,200,162,1,
2026-05-16T22:03:05.955988+00:00,Github,http://github.com/,200,200,224,1,
2026-05-16T23:05:45.518778+00:00,Google,https://google.com,200,200,174,1,
2026-05-16T23:05:45.616386+00:00,Github,http://github.com/,200,200,97,1,
2026-05-17T00:06:16.395675+00:00,Google,https://google.com,200,200,130,1,
2026-05-17T00:06:16.455894+00:00,Github,http://github.com/,200,200,60,1,
2026-05-17T04:19:16.376055+00:00,Google,https://google.com,200,200,121,1,
2026-05-17T04:19:16.426362+00:00,Github,http://github.com/,200,200,50,1,
2026-05-17T07:20:25.276463+00:00,Google,https://google.com,200,200,165,1,
2026-05-17T07:20:25.380464+00:00,Github,http://github.com/,200,200,103,1,
2026-05-17T09:17:34.010921+00:00,Google,https://google.com,200,200,141,1,
2026-05-17T09:17:34.086476+00:00,Github,http://github.com/,200,200,75,1,
2026-05-17T10:47:27.648360+00:00,Google,https://google.com,200,200,178,1,
2026-05-17T10:47:28.430977+00:00,Github,http://github.com/,200,200,782,1,
2026-05-17T11:54:52.454987+00:00,Google,https://google.com,200,200,116,1,
2026-05-17T11:54:52.506633+00:00,Github,http://github.com/,200,200,51,1,
2026-05-17T12:58:57.584680+00:00,Google,https://google.com,200,200,140,1,
2026-05-17T12:58:57.634985+00:00,Github,http://github.com/,200,200,50,1,
2026-05-17T14:25:56.333018+00:00,Google,https://google.com,200,200,312,1,
2026-05-17T14:25:56.641006+00:00,Github,http://github.com/,200,200,307,1,
2026-05-17T15:35:08.062746+00:00,Google,https://google.com,200,200,292,1,
2026-05-17T15:35:08.409886+00:00,Github,http://github.com/,200,200,347,1,
2026-05-17T16:37:31.014107+00:00,Google,https://google.com,200,200,250,1,
2026-05-17T16:37:31.579819+00:00,Github,http://github.com/,200,200,565,1,
2026-05-17T17:39:27.463580+00:00,Google,https://google.com,200,200,135,1,
2026-05-17T17:39:27.509446+00:00,Github,http://github.com/,200,200,45,1,
2026-05-17T18:42:03.634658+00:00,Google,https://google.com,200,200,131,1,
2026-05-17T18:42:03.689893+00:00,Github,http://github.com/,200,200,55,1,
2026-05-17T19:48:50.596709+00:00,Google,https://google.com,200,200,197,1,
2026-05-17T19:48:50.872652+00:00,Github,http://github.com/,200,200,275,1,
2026-05-17T20:39:46.748937+00:00,Google,https://google.com,200,200,176,1,
2026-05-17T20:39:47.049866+00:00,Github,http://github.com/,200,200,300,1,
2026-05-17T21:36:59.817579+00:00,Google,https://google.com,200,200,170,1,
2026-05-17T21:37:00.072187+00:00,Github,http://github.com/,200,200,254,1,
2026-05-17T22:33:48.627825+00:00,Google,https://google.com,200,200,250,1,
2026-05-17T22:33:49.019697+00:00,Github,http://github.com/,200,200,391,1,
2026-05-17T23:39:32.296469+00:00,Google,https://google.com,200,200,168,1,
2026-05-17T23:39:42.410015+00:00,Github,http://github.com/,200,0,10113,0,Exception: The read operation timed out
2026-05-18T01:34:03.655417+00:00,Google,https://google.com,200,200,122,1,
2026-05-18T01:34:03.707226+00:00,Github,http://github.com/,200,200,51,1,
2026-05-18T05:55:48.796206+00:00,Google,https://google.com,200,200,163,1,
2026-05-18T05:55:49.457028+00:00,Github,http://github.com/,200,200,660,1,
2026-05-18T09:45:55.284598+00:00,Google,https://google.com,200,200,112,1,
2026-05-18T09:45:55.336016+00:00,Github,http://github.com/,200,200,51,1,
2026-05-18T13:00:34.876287+00:00,Google,https://google.com,200,200,177,1,
2026-05-18T13:00:35.137787+00:00,Github,http://github.com/,200,200,261,1,
2026-05-18T16:32:27.762969+00:00,Google,https://google.com,200,200,133,1,
2026-05-18T16:32:27.821504+00:00,Github,http://github.com/,200,200,58,1,
2026-05-18T18:22:20.511179+00:00,Google,https://google.com,200,200,164,1,
2026-05-18T18:22:20.579073+00:00,Github,http://github.com/,200,200,67,1,
2026-05-18T20:09:51.051188+00:00,Google,https://google.com,200,200,163,1,
2026-05-18T20:09:51.143486+00:00,Github,http://github.com/,200,200,92,1,
2026-05-18T21:36:16.201855+00:00,Google,https://google.com,200,200,450,1,
2026-05-18T21:36:16.260743+00:00,Github,http://github.com/,200,200,58,1,
2026-05-18T22:36:51.864793+00:00,Google,https://google.com,200,200,150,1,
2026-05-18T22:36:52.131565+00:00,Github,http://github.com/,200,200,266,1,
2026-05-18T23:43:42.788868+00:00,Google,https://google.com,200,200,142,1,
2026-05-18T23:43:42.839927+00:00,Github,http://github.com/,200,200,51,1,
2026-05-19T01:35:00.297368+00:00,Google,https://google.com,200,200,144,1,
2026-05-19T01:35:00.391001+00:00,Github,http://github.com/,200,200,93,1,
2026-05-19T05:49:41.327361+00:00,Google,https://google.com,200,200,244,1,
2026-05-19T05:49:41.958217+00:00,Github,http://github.com/,200,200,630,1,
2026-05-19T09:00:02.641316+00:00,Google,https://google.com,200,200,162,1,
2026-05-19T09:00:02.718669+00:00,Github,http://github.com/,200,200,77,1,
2026-05-19T12:13:49.117967+00:00,Google,https://google.com,200,200,165,1,
2026-05-19T12:13:49.400908+00:00,Github,http://github.com/,200,200,282,1,
2026-05-19T15:50:19.913287+00:00,Google,https://google.com,200,200,139,1,
2026-05-19T15:50:19.979561+00:00,Github,http://github.com/,200,200,66,1,
2026-05-19T17:57:33.818527+00:00,Google,https://google.com,200,200,124,1,
2026-05-19T17:57:33.883686+00:00,Github,http://github.com/,200,200,65,1,
2026-05-19T19:49:42.080158+00:00,Google,https://google.com,200,200,179,1,
2026-05-19T19:49:42.183838+00:00,Github,http://github.com/,200,200,103,1,
2026-05-19T21:12:11.645143+00:00,Google,https://google.com,200,200,159,1,
2026-05-19T21:12:11.748555+00:00,Github,http://github.com/,200,200,103,1,
2026-05-19T22:37:56.625619+00:00,Google,https://google.com,200,200,179,1,
2026-05-19T22:37:56.733912+00:00,Github,http://github.com/,200,200,108,1,
2026-05-19T23:44:05.143889+00:00,Google,https://google.com,200,200,152,1,
2026-05-19T23:44:05.213829+00:00,Github,http://github.com/,200,200,69,1,
2026-05-20T01:49:21.167973+00:00,Google,https://google.com,200,200,221,1,
2026-05-20T01:49:21.801180+00:00,Github,http://github.com/,200,200,633,1,
2026-05-20T05:59:22.829764+00:00,Google,https://google.com,200,200,186,1,
2026-05-20T05:59:23.528820+00:00,Github,http://github.com/,200,200,699,1,
2026-05-20T09:39:25.289879+00:00,Google,https://google.com,200,200,126,1,
2026-05-20T09:39:25.349622+00:00,Github,http://github.com/,200,200,59,1,
2026-05-20T12:10:43.408522+00:00,Google,https://google.com,200,200,209,1,
2026-05-20T12:10:43.703339+00:00,Github,http://github.com/,200,200,294,1,
2026-05-20T15:54:12.113489+00:00,Google,https://google.com,200,200,128,1,
2026-05-20T15:54:12.167884+00:00,Github,http://github.com/,200,200,54,1,
2026-05-20T18:10:16.170548+00:00,Google,https://google.com,200,200,149,1,
2026-05-20T18:10:16.412542+00:00,Github,http://github.com/,200,200,241,1,
2026-05-20T20:29:53.420454+00:00,Google,https://google.com,200,200,160,1,
2026-05-20T20:29:53.478582+00:00,Github,http://github.com/,200,200,58,1,
2026-05-20T22:11:32.140059+00:00,Google,https://google.com,200,200,183,1,
2026-05-20T22:11:32.409028+00:00,Github,http://github.com/,200,200,268,1,
2026-05-20T23:39:05.539759+00:00,Google,https://google.com,200,200,262,1,
2026-05-20T23:39:05.923278+00:00,Github,http://github.com/,200,200,383,1,
2026-05-21T01:33:15.104732+00:00,Google,https://google.com,200,200,158,1,
2026-05-21T01:33:15.373494+00:00,Github,http://github.com/,200,200,268,1,
2026-05-21T05:52:29.141118+00:00,Google,https://google.com,200,200,149,1,
2026-05-21T05:52:29.191303+00:00,Github,http://github.com/,200,200,50,1,
2026-05-21T08:58:04.259078+00:00,Google,https://google.com,200,200,171,1,
2026-05-21T08:58:04.504235+00:00,Github,http://github.com/,200,200,245,1,
2026-05-21T12:13:58.464255+00:00,Google,https://google.com,200,200,173,1,
2026-05-21T12:13:58.793783+00:00,Github,http://github.com/,200,200,329,1,
2026-05-21T15:51:41.632636+00:00,Google,https://google.com,200,200,298,1,
2026-05-21T15:51:42.185088+00:00,Github,http://github.com/,200,200,552,1,
2026-05-21T17:50:45.345150+00:00,Google,https://google.com,200,200,188,1,
2026-05-21T17:50:45.450696+00:00,Github,http://github.com/,200,200,105,1,
2026-05-21T19:44:05.231240+00:00,Google,https://google.com,200,200,142,1,
2026-05-21T19:44:05.288360+00:00,Github,http://github.com/,200,200,57,1,
2026-05-21T21:17:47.728570+00:00,Google,https://google.com,200,200,303,1,
2026-05-21T21:17:48.258492+00:00,Github,http://github.com/,200,200,529,1,
2026-05-21T22:47:06.725976+00:00,Google,https://google.com,200,200,145,1,
2026-05-21T22:47:06.786885+00:00,Github,http://github.com/,200,200,60,1,
2026-05-21T23:53:00.049409+00:00,Google,https://google.com,200,200,176,1,
2026-05-21T23:53:00.403511+00:00,Github,http://github.com/,200,200,354,1,
2026-05-22T02:32:56.291860+00:00,Google,https://google.com,200,200,191,1,
2026-05-22T02:32:56.405348+00:00,Github,http://github.com/,200,200,113,1,
2026-05-22T06:34:06.877289+00:00,Google,https://google.com,200,200,189,1,
2026-05-22T06:34:07.649452+00:00,Github,http://github.com/,200,200,772,1,
2026-05-22T10:00:00.868927+00:00,Google,https://google.com,200,200,201,1,
2026-05-22T10:00:00.974794+00:00,Github,http://github.com/,200,200,105,1,
2026-05-22T12:25:10.900979+00:00,Google,https://google.com,200,200,120,1,
2026-05-22T12:25:10.958204+00:00,Github,http://github.com/,200,200,57,1,
2026-05-22T15:28:55.864881+00:00,Google,https://google.com,200,200,160,1,
2026-05-22T15:28:56.479292+00:00,Github,http://github.com/,200,200,614,1,
2026-05-22T17:23:46.706465+00:00,Google,https://google.com,200,200,174,1,
2026-05-22T17:23:46.977184+00:00,Github,http://github.com/,200,200,270,1,
2026-05-22T19:13:44.506523+00:00,Google,https://google.com,200,200,290,1,
2026-05-22T19:13:44.743774+00:00,Github,http://github.com/,200,200,237,1,
2026-05-22T20:50:46.474965+00:00,Google,https://google.com,200,200,219,1,
2026-05-22T20:50:47.055470+00:00,Github,http://github.com/,200,200,580,1,
2026-05-22T21:59:20.400731+00:00,Google,https://google.com,200,200,146,1,
2026-05-22T21:59:20.453925+00:00,Github,http://github.com/,200,200,53,1,
2026-05-22T23:03:37.381332+00:00,Google,https://google.com,200,200,260,1,
2026-05-22T23:03:37.739628+00:00,Github,http://github.com/,200,200,358,1,
2026-05-23T00:15:14.889154+00:00,Google,https://google.com,200,200,242,1,
2026-05-23T00:15:15.226823+00:00,Github,http://github.com/,200,200,337,1,
2026-05-23T04:12:59.810522+00:00,Google,https://google.com,200,200,122,1,
2026-05-23T04:12:59.861803+00:00,Github,http://github.com/,200,200,51,1,
2026-05-23T06:45:37.560956+00:00,Google,https://google.com,200,200,118,1,
2026-05-23T06:45:37.610239+00:00,Github,http://github.com/,200,200,49,1,
2026-05-23T08:57:44.032376+00:00,Google,https://google.com,200,200,138,1,
2026-05-23T08:57:44.268454+00:00,Github,http://github.com/,200,200,236,1,
2026-05-23T10:25:15.103943+00:00,Google,https://google.com,200,200,151,1,
2026-05-23T10:25:15.299813+00:00,Github,http://github.com/,200,200,195,1,
2026-05-23T11:39:35.047723+00:00,Google,https://google.com,200,200,152,1,
2026-05-23T11:39:35.147787+00:00,Github,http://github.com/,200,200,100,1,
2026-05-23T12:41:17.771537+00:00,Google,https://google.com,200,200,130,1,
2026-05-23T12:41:17.820262+00:00,Github,http://github.com/,200,200,48,1,
2026-05-23T14:14:01.377662+00:00,Google,https://google.com,200,200,253,1,
2026-05-23T14:14:01.685122+00:00,Github,http://github.com/,200,200,307,1,
2026-05-23T15:20:14.338615+00:00,Google,https://google.com,200,200,274,1,
2026-05-23T15:20:14.641543+00:00,Github,http://github.com/,200,200,302,1,
2026-05-23T16:30:14.101386+00:00,Google,https://google.com,200,200,179,1,
2026-05-23T16:30:14.704200+00:00,Github,http://github.com/,200,200,602,1,
2026-05-23T17:41:35.286338+00:00,Google,https://google.com,200,200,163,1,
2026-05-23T17:41:35.406475+00:00,Github,http://github.com/,200,200,120,1,
2026-05-23T18:42:25.910581+00:00,Google,https://google.com,200,200,175,1,
2026-05-23T18:42:26.011336+00:00,Github,http://github.com/,200,200,100,1,
2026-05-23T19:49:02.557718+00:00,Google,https://google.com,200,200,183,1,
2026-05-23T19:49:03.178056+00:00,Github,http://github.com/,200,200,620,1,
2026-05-23T20:39:04.100510+00:00,Google,https://google.com,200,200,135,1,
2026-05-23T20:39:04.164672+00:00,Github,http://github.com/,200,200,64,1,
2026-05-23T21:36:34.223193+00:00,Google,https://google.com,200,200,147,1,
2026-05-23T21:36:34.324329+00:00,Github,http://github.com/,200,200,101,1,
2026-05-23T22:34:58.124697+00:00,Google,https://google.com,200,200,140,1,
2026-05-23T22:34:58.185216+00:00,Github,http://github.com/,200,200,60,1,
2026-05-23T23:40:40.337294+00:00,Google,https://google.com,200,200,201,1,
2026-05-23T23:40:41.033631+00:00,Github,http://github.com/,200,200,696,1,
2026-05-24T01:34:54.060703+00:00,Google,https://google.com,200,200,269,1,
2026-05-24T01:34:54.693744+00:00,Github,http://github.com/,200,200,632,1,
2026-05-24T05:46:13.398110+00:00,Google,https://google.com,200,200,160,1,
2026-05-24T05:46:13.497405+00:00,Github,http://github.com/,200,200,99,1,
2026-05-24T08:17:52.537602+00:00,Google,https://google.com,200,200,143,1,
2026-05-24T08:17:52.767448+00:00,Github,http://github.com/,200,200,229,1,
2026-05-24T10:15:38.763253+00:00,Google,https://google.com,200,200,143,1,
2026-05-24T10:15:38.989344+00:00,Github,http://github.com/,200,200,226,1,
2026-05-24T11:46:44.588447+00:00,Google,https://google.com,200,200,179,1,
2026-05-24T11:46:44.855772+00:00,Github,http://github.com/,200,200,267,1,
2026-05-24T13:02:23.283225+00:00,Google,https://google.com,200,200,158,1,
2026-05-24T13:02:23.380996+00:00,Github,http://github.com/,200,200,97,1,
2026-05-24T14:42:37.246610+00:00,Google,https://google.com,200,200,295,1,
2026-05-24T14:42:37.560068+00:00,Github,http://github.com/,200,200,313,1,
2026-05-24T15:47:09.950668+00:00,Google,https://google.com,200,200,238,1,
2026-05-24T15:47:10.573114+00:00,Github,http://github.com/,200,200,622,1,
2026-05-24T16:52:58.173750+00:00,Google,https://google.com,200,200,263,1,
2026-05-24T16:52:58.507699+00:00,Github,http://github.com/,200,200,333,1,
2026-05-24T17:53:31.000742+00:00,Google,https://google.com,200,200,156,1,
2026-05-24T17:53:31.106148+00:00,Github,http://github.com/,200,200,105,1,
2026-05-24T19:03:44.280015+00:00,Google,https://google.com,200,200,192,1,
2026-05-24T19:03:44.548115+00:00,Github,http://github.com/,200,200,268,1,
2026-05-24T20:14:41.745255+00:00,Google,https://google.com,200,200,170,1,
2026-05-24T20:14:42.013714+00:00,Github,http://github.com/,200,200,268,1,
2026-05-24T21:12:12.729542+00:00,Google,https://google.com,200,200,132,1,
2026-05-24T21:12:12.794120+00:00,Github,http://github.com/,200,200,64,1,
2026-05-24T22:09:48.122786+00:00,Google,https://google.com,200,200,121,1,
2026-05-24T22:09:48.187478+00:00,Github,http://github.com/,200,200,64,1,
2026-05-24T23:12:30.296857+00:00,Google,https://google.com,200,200,164,1,
2026-05-24T23:12:30.566960+00:00,Github,http://github.com/,200,200,270,1,
2026-05-25T00:12:49.865197+00:00,Google,https://google.com,200,200,143,1,
2026-05-25T00:12:49.926904+00:00,Github,http://github.com/,200,200,61,1,
2026-05-25T04:50:45.939803+00:00,Google,https://google.com,200,200,231,1,
2026-05-25T04:50:46.565576+00:00,Github,http://github.com/,200,200,625,1,
2026-05-25T08:50:59.400505+00:00,Google,https://google.com,200,200,175,1,
2026-05-25T08:50:59.499046+00:00,Github,http://github.com/,200,200,98,1,
2026-05-25T12:19:32.616036+00:00,Google,https://google.com,200,200,152,1,
2026-05-25T12:19:32.716617+00:00,Github,http://github.com/,200,200,100,1,
2026-05-25T15:34:07.540390+00:00,Google,https://google.com,200,200,145,1,
2026-05-25T15:34:07.737949+00:00,Github,http://github.com/,200,200,197,1,
2026-05-25T17:22:03.583070+00:00,Google,https://google.com,200,200,157,1,
2026-05-25T17:22:03.813923+00:00,Github,http://github.com/,200,200,230,1,
2026-05-25T18:56:43.729328+00:00,Google,https://google.com,200,200,162,1,
2026-05-25T18:56:43.944940+00:00,Github,http://github.com/,200,200,215,1,
2026-05-25T20:20:34.697532+00:00,Google,https://google.com,200,200,157,1,
2026-05-25T20:20:34.796281+00:00,Github,http://github.com/,200,200,98,1,
2026-05-25T21:40:07.463860+00:00,Google,https://google.com,200,200,159,1,
2026-05-25T21:40:07.735763+00:00,Github,http://github.com/,200,200,271,1,
2026-05-25T22:39:51.666554+00:00,Google,https://google.com,200,200,251,1,
2026-05-25T22:39:52.009521+00:00,Github,http://github.com/,200,200,342,1,
2026-05-25T23:43:34.942069+00:00,Google,https://google.com,200,200,173,1,
2026-05-25T23:43:35.170005+00:00,Github,http://github.com/,200,200,227,1,
2026-05-26T01:30:01.960067+00:00,Google,https://google.com,200,200,260,1,
2026-05-26T01:30:02.337872+00:00,Github,http://github.com/,200,200,377,1,
2026-05-26T05:42:42.463149+00:00,Google,https://google.com,200,200,168,1,
2026-05-26T05:42:43.154826+00:00,Github,http://github.com/,200,200,691,1,
2026-05-26T08:55:13.450078+00:00,Google,https://google.com,200,200,160,1,
2026-05-26T08:55:13.532474+00:00,Github,http://github.com/,200,200,82,1,
2026-05-26T14:59:45.660986+00:00,Google,https://google.com,200,200,286,1,
2026-05-26T14:59:46.033473+00:00,Github,http://github.com/,200,200,372,1,
2026-05-26T17:56:46.720811+00:00,Google,https://google.com,200,200,173,1,
2026-05-26T17:56:46.839662+00:00,Github,http://github.com/,200,200,118,1,
2026-05-26T20:03:52.264939+00:00,Google,https://google.com,200,200,233,1,
2026-05-26T20:03:52.792531+00:00,Github,http://github.com/,200,200,527,1,
2026-05-26T21:56:59.459352+00:00,Google,https://google.com,200,200,123,1,
2026-05-26T21:56:59.545438+00:00,Github,http://github.com/,200,200,86,1,
2026-05-26T23:06:06.319409+00:00,Google,https://google.com,200,200,226,1,
2026-05-26T23:06:06.540327+00:00,Github,http://github.com/,200,200,220,1,
2026-05-27T00:16:59.632352+00:00,Google,https://google.com,200,200,228,1,
2026-05-27T00:17:00.217205+00:00,Github,http://github.com/,200,200,584,1,
2026-05-27T04:53:36.632477+00:00,Google,https://google.com,200,200,116,1,
2026-05-27T04:53:36.681870+00:00,Github,http://github.com/,200,200,49,1,
2026-05-27T08:34:23.951656+00:00,Google,https://google.com,200,200,152,1,
2026-05-27T08:34:24.011676+00:00,Github,http://github.com/,200,200,59,1,
2026-05-27T15:36:20.344139+00:00,Google,https://google.com,200,200,153,1,
2026-05-27T15:36:20.621315+00:00,Github,http://github.com/,200,200,277,1,
2026-05-27T18:12:32.632316+00:00,Google,https://google.com,200,200,198,1,
2026-05-27T18:12:32.904844+00:00,Github,http://github.com/,200,200,272,1,
2026-05-27T20:29:01.241487+00:00,Google,https://google.com,200,200,164,1,
2026-05-27T20:29:01.969802+00:00,Github,http://github.com/,200,200,728,1,
2026-05-27T22:17:00.621267+00:00,Google,https://google.com,200,200,140,1,
2026-05-27T22:17:00.673980+00:00,Github,http://github.com/,200,200,52,1,
2026-05-27T23:41:42.633943+00:00,Google,https://google.com,200,200,269,1,
2026-05-27T23:41:43.262294+00:00,Github,http://github.com/,200,200,628,1,
2026-05-28T01:24:41.998943+00:00,Google,https://google.com,200,200,280,1,
2026-05-28T01:24:42.345729+00:00,Github,http://github.com/,200,200,346,1,
2026-05-28T05:41:51.644934+00:00,Google,https://google.com,200,200,145,1,
2026-05-28T05:41:51.744128+00:00,Github,http://github.com/,200,200,99,1,
2026-05-28T09:04:18.748883+00:00,Google,https://google.com,200,200,137,1,
2026-05-28T09:04:18.818703+00:00,Github,http://github.com/,200,200,69,1,
2026-05-28T12:44:21.468656+00:00,Google,https://google.com,200,200,246,1,
2026-05-28T12:44:21.693600+00:00,Github,http://github.com/,200,200,224,1,
2026-05-28T16:43:25.068521+00:00,Google,https://google.com,200,200,164,1,
2026-05-28T16:43:25.121834+00:00,Github,http://github.com/,200,200,53,1,
2026-05-28T19:22:41.853035+00:00,Google,https://google.com,200,200,137,1,
2026-05-28T19:22:41.924572+00:00,Github,http://github.com/,200,200,71,1,
2026-05-28T21:28:39.829282+00:00,Google,https://google.com,200,200,154,1,
2026-05-28T21:28:39.927341+00:00,Github,http://github.com/,200,200,98,1,
2026-05-28T22:52:47.947088+00:00,Google,https://google.com,200,200,358,1,
2026-05-28T22:52:48.264332+00:00,Github,http://github.com/,200,200,317,1,
2026-05-29T00:03:42.351279+00:00,Google,https://google.com,200,200,197,1,
2026-05-29T00:03:42.599198+00:00,Github,http://github.com/,200,200,247,1,
2026-05-29T04:40:12.244204+00:00,Google,https://google.com,200,200,222,1,
2026-05-29T04:40:12.879801+00:00,Github,http://github.com/,200,200,635,1,
2026-05-29T08:28:25.075972+00:00,Google,https://google.com,200,200,227,1,
2026-05-29T08:28:25.911193+00:00,Github,http://github.com/,200,200,835,1,
2026-05-29T11:46:07.004262+00:00,Google,https://google.com,200,200,169,1,
2026-05-29T11:46:07.280535+00:00,Github,http://github.com/,200,200,276,1,
2026-05-29T14:42:18.015072+00:00,Google,https://google.com,200,200,252,1,
2026-05-29T14:42:18.602031+00:00,Github,http://github.com/,200,200,586,1,
2026-05-29T17:55:21.076453+00:00,Google,https://google.com,200,200,162,1,
2026-05-29T17:55:21.335192+00:00,Github,http://github.com/,200,200,258,1,
2026-05-29T20:09:57.191146+00:00,Google,https://google.com,200,200,184,1,
2026-05-29T20:09:57.296842+00:00,Github,http://github.com/,200,200,105,1,
2026-05-29T22:03:46.282036+00:00,Google,https://google.com,200,200,160,1,
2026-05-29T22:03:46.332033+00:00,Github,http://github.com/,200,200,49,1,
2026-05-29T23:40:50.947038+00:00,Google,https://google.com,200,200,178,1,
2026-05-29T23:40:51.623165+00:00,Github,http://github.com/,200,200,676,1,
2026-05-30T01:30:11.412119+00:00,Google,https://google.com,200,200,194,1,
2026-05-30T01:30:11.463597+00:00,Github,http://github.com/,200,200,51,1,
2026-05-30T05:33:06.821257+00:00,Google,https://google.com,200,200,178,1,
2026-05-30T05:33:06.924603+00:00,Github,http://github.com/,200,200,103,1,
2026-05-30T08:06:53.268547+00:00,Google,https://google.com,200,200,174,1,
2026-05-30T08:06:53.895525+00:00,Github,http://github.com/,200,200,626,1,
2026-05-30T10:15:22.073191+00:00,Google,https://google.com,200,200,123,1,
2026-05-30T10:15:22.129348+00:00,Github,http://github.com/,200,200,56,1,
2026-05-30T11:49:44.339882+00:00,Google,https://google.com,200,200,183,1,
2026-05-30T11:49:45.021390+00:00,Github,http://github.com/,200,200,681,1,
2026-05-30T13:05:28.626518+00:00,Google,https://google.com,200,200,237,1,
2026-05-30T13:05:29.212088+00:00,Github,http://github.com/,200,200,585,1,
2026-05-30T14:46:35.328948+00:00,Google,https://google.com,200,200,224,1,
2026-05-30T14:46:35.600639+00:00,Github,http://github.com/,200,200,271,1,
2026-05-30T15:59:05.172035+00:00,Google,https://google.com,200,200,155,1,
2026-05-30T15:59:05.802822+00:00,Github,http://github.com/,200,200,630,1,
2026-05-30T17:08:37.799270+00:00,Google,https://google.com,200,200,182,1,
2026-05-30T17:08:37.904534+00:00,Github,http://github.com/,200,200,105,1,
2026-05-30T18:14:53.219072+00:00,Google,https://google.com,200,200,184,1,
2026-05-30T18:14:53.854364+00:00,Github,http://github.com/,200,200,635,1,
2026-05-30T19:41:26.985720+00:00,Google,https://google.com,200,200,154,1,
2026-05-30T19:41:27.084233+00:00,Github,http://github.com/,200,200,98,1,
2026-05-30T20:36:49.997563+00:00,Google,https://google.com,200,200,167,1,
2026-05-30T20:36:50.094876+00:00,Github,http://github.com/,200,200,97,1,
2026-05-30T21:39:42.363908+00:00,Google,https://google.com,200,200,116,1,
2026-05-30T21:39:42.414901+00:00,Github,http://github.com/,200,200,50,1,
2026-05-30T22:36:56.624181+00:00,Google,https://google.com,200,200,165,1,
2026-05-30T22:36:57.215516+00:00,Github,http://github.com/,200,200,591,1,
2026-05-30T23:40:31.378225+00:00,Google,https://google.com,200,200,157,1,
2026-05-30T23:40:31.432027+00:00,Github,http://github.com/,200,200,53,1,
2026-05-31T01:50:48.057152+00:00,Google,https://google.com,200,200,241,1,
2026-05-31T01:50:48.277326+00:00,Github,http://github.com/,200,200,220,1,
2026-05-31T06:09:57.692892+00:00,Google,https://google.com,200,200,237,1,
2026-05-31T06:09:57.911374+00:00,Github,http://github.com/,200,200,218,1,
2026-05-31T09:22:24.945464+00:00,Google,https://google.com,200,200,149,1,
2026-05-31T09:22:25.045390+00:00,Github,http://github.com/,200,200,99,1,
2026-05-31T11:13:18.927449+00:00,Google,https://google.com,200,200,283,1,
2026-05-31T11:13:19.279773+00:00,Github,http://github.com/,200,200,352,1,
2026-05-31T12:20:56.802927+00:00,Google,https://google.com,200,200,248,1,
2026-05-31T12:20:57.258894+00:00,Github,http://github.com/,200,200,455,1,
2026-05-31T14:16:04.516436+00:00,Google,https://google.com,200,200,236,1,
2026-05-31T14:16:05.094499+00:00,Github,http://github.com/,200,200,577,1,
2026-05-31T15:45:38.586027+00:00,Google,https://google.com,200,200,238,1,
2026-05-31T15:45:39.165032+00:00,Github,http://github.com/,200,200,578,1,
2026-05-31T16:57:23.702614+00:00,Google,https://google.com,200,200,216,1,
2026-05-31T16:57:24.002288+00:00,Github,http://github.com/,200,200,299,1,
2026-05-31T17:59:32.247971+00:00,Google,https://google.com,200,200,166,1,
2026-05-31T17:59:32.513824+00:00,Github,http://github.com/,200,200,265,1,
2026-05-31T19:21:30.373538+00:00,Google,https://google.com,200,200,236,1,
2026-05-31T19:21:31.008490+00:00,Github,http://github.com/,200,200,634,1,
2026-05-31T20:35:45.528404+00:00,Google,https://google.com,200,200,178,1,
2026-05-31T20:35:45.799172+00:00,Github,http://github.com/,200,200,270,1,
2026-05-31T21:39:04.526907+00:00,Google,https://google.com,200,200,227,1,
2026-05-31T21:39:05.160558+00:00,Github,http://github.com/,200,200,633,1,
2026-05-31T22:39:04.013064+00:00,Google,https://google.com,200,200,118,1,
2026-05-31T22:39:04.062617+00:00,Github,http://github.com/,200,200,49,1,
2026-05-31T23:43:22.146174+00:00,Google,https://google.com,200,200,221,1,
2026-05-31T23:43:22.779291+00:00,Github,http://github.com/,200,200,633,1,
2026-06-01T02:01:21.743173+00:00,Google,https://google.com,200,200,262,1,
2026-06-01T02:01:21.975944+00:00,Github,http://github.com/,200,200,232,1,
2026-06-01T07:21:07.089800+00:00,Google,https://google.com,200,200,120,1,
2026-06-01T07:21:07.142620+00:00,Github,http://github.com/,200,200,52,1,
2026-06-01T13:08:23.574021+00:00,Google,https://google.com,200,200,122,1,
2026-06-01T13:08:23.635690+00:00,Github,http://github.com/,200,200,61,1,
2026-06-01T18:49:02.285914+00:00,Google,https://google.com,200,200,183,1,
2026-06-01T18:49:02.347868+00:00,Github,http://github.com/,200,200,61,1,
2026-06-01T21:57:12.441581+00:00,Google,https://google.com,200,200,232,1,
2026-06-01T21:57:12.674534+00:00,Github,http://github.com/,200,200,232,1,
2026-06-01T23:24:59.889134+00:00,Google,https://google.com,200,200,147,1,
2026-06-01T23:24:59.961883+00:00,Github,http://github.com/,200,200,72,1,
2026-06-02T01:42:52.998659+00:00,Google,https://google.com,200,200,212,1,
2026-06-02T01:42:53.267482+00:00,Github,http://github.com/,200,200,268,1,
2026-06-02T06:21:40.053578+00:00,Google,https://google.com,200,200,236,1,
2026-06-02T06:21:40.665752+00:00,Github,http://github.com/,200,200,612,1,
2026-06-02T11:00:24.521125+00:00,Google,https://google.com,200,200,133,1,
2026-06-02T11:00:24.574563+00:00,Github,http://github.com/,200,200,53,1,
2026-06-02T15:08:02.369220+00:00,Google,https://google.com,200,200,210,1,
2026-06-02T15:08:02.610182+00:00,Github,http://github.com/,200,200,240,1,
2026-06-02T18:52:29.478741+00:00,Google,https://google.com,200,200,246,1,
2026-06-02T18:52:30.115888+00:00,Github,http://github.com/,200,200,637,1,
2026-06-02T21:42:15.642106+00:00,Google,https://google.com,200,200,127,1,
2026-06-02T21:42:15.696387+00:00,Github,http://github.com/,200,200,54,1,
2026-06-02T23:21:05.272531+00:00,Google,https://google.com,200,200,221,1,
2026-06-02T23:21:05.491222+00:00,Github,http://github.com/,200,200,218,1,
2026-06-03T02:04:01.356147+00:00,Google,https://google.com,200,200,288,1,
2026-06-03T02:04:01.695469+00:00,Github,http://github.com/,200,200,339,1,
2026-06-03T07:05:33.044522+00:00,Google,https://google.com,200,200,192,1,
2026-06-03T07:05:33.309777+00:00,Github,http://github.com/,200,200,265,1,
2026-06-03T12:06:36.041634+00:00,Google,https://google.com,200,200,278,1,
2026-06-03T12:06:36.395759+00:00,Github,http://github.com/,200,200,354,1,
2026-06-03T17:14:31.201532+00:00,Google,https://google.com,200,200,180,1,
2026-06-03T17:14:31.478114+00:00,Github,http://github.com/,200,200,276,1,
2026-06-03T20:27:40.873170+00:00,Google,https://google.com,200,200,134,1,
2026-06-03T20:27:40.930650+00:00,Github,http://github.com/,200,200,57,1,
2026-06-03T22:36:30.613662+00:00,Google,https://google.com,200,200,269,1,
2026-06-03T22:36:30.718568+00:00,Github,http://github.com/,200,200,104,1,
2026-06-04T00:18:28.260225+00:00,Google,https://google.com,200,200,174,1,
2026-06-04T00:18:28.855867+00:00,Github,http://github.com/,200,200,595,1,
2026-06-04T05:18:12.136542+00:00,Google,https://google.com,200,200,259,1,
2026-06-04T05:18:12.410091+00:00,Github,http://github.com/,200,200,273,1,
2026-06-04T09:08:02.352091+00:00,Google,https://google.com,200,200,126,1,
2026-06-04T09:08:02.418301+00:00,Github,http://github.com/,200,200,66,1,
2026-06-04T12:15:42.947407+00:00,Google,https://google.com,200,200,168,1,
2026-06-04T12:15:43.665178+00:00,Github,http://github.com/,200,200,717,1,
2026-06-04T15:54:18.760731+00:00,Google,https://google.com,200,200,190,1,
2026-06-04T15:54:19.038927+00:00,Github,http://github.com/,200,200,278,1,
2026-06-04T18:08:58.632308+00:00,Google,https://google.com,200,200,127,1,
2026-06-04T18:08:58.692594+00:00,Github,http://github.com/,200,200,60,1,
2026-06-04T20:22:16.196879+00:00,Google,https://google.com,200,200,171,1,
2026-06-04T20:22:16.295377+00:00,Github,http://github.com/,200,200,98,1,
2026-06-04T21:57:57.827906+00:00,Google,https://google.com,200,200,187,1,
2026-06-04T21:57:58.084684+00:00,Github,http://github.com/,200,200,256,1,
2026-06-04T23:07:45.259122+00:00,Google,https://google.com,200,200,137,1,
2026-06-04T23:07:45.336648+00:00,Github,http://github.com/,200,200,77,1,
2026-06-05T00:19:02.499258+00:00,Google,https://google.com,200,200,161,1,
2026-06-05T00:19:03.116898+00:00,Github,http://github.com/,200,200,617,1,
2026-06-05T04:53:20.976957+00:00,Google,https://google.com,200,200,168,1,
2026-06-05T04:53:21.271640+00:00,Github,http://github.com/,200,200,294,1,
2026-06-05T08:38:40.244198+00:00,Google,https://google.com,200,200,121,1,
2026-06-05T08:38:40.296239+00:00,Github,http://github.com/,200,200,51,1,
2026-06-05T11:46:57.062289+00:00,Google,https://google.com,200,200,143,1,
2026-06-05T11:46:57.116235+00:00,Github,http://github.com/,200,200,53,1,
2026-06-05T14:27:08.662093+00:00,Google,https://google.com,200,200,126,1,
2026-06-05T14:27:08.717037+00:00,Github,http://github.com/,200,200,54,1,
2026-06-05T16:58:23.061976+00:00,Google,https://google.com,200,200,279,1,
2026-06-05T16:58:23.384492+00:00,Github,http://github.com/,200,200,322,1,
2026-06-05T18:57:22.876581+00:00,Google,https://google.com,200,200,179,1,
2026-06-05T18:57:23.170544+00:00,Github,http://github.com/,200,200,293,1,
2026-06-05T20:46:54.208924+00:00,Google,https://google.com,200,200,189,1,
2026-06-05T20:46:54.440536+00:00,Github,http://github.com/,200,200,231,1,
2026-06-05T22:09:47.939286+00:00,Google,https://google.com,200,200,225,1,
2026-06-05T22:09:48.581299+00:00,Github,http://github.com/,200,200,641,1,
2026-06-05T23:36:09.995963+00:00,Google,https://google.com,200,200,204,1,
2026-06-05T23:36:10.233797+00:00,Github,http://github.com/,200,200,237,1,
2026-06-06T01:31:43.679597+00:00,Google,https://google.com,200,200,126,1,
2026-06-06T01:31:43.735830+00:00,Github,http://github.com/,200,200,56,1,
2026-06-06T05:39:02.499531+00:00,Google,https://google.com,200,200,179,1,
2026-06-06T05:39:02.719331+00:00,Github,http://github.com/,200,200,219,1,
2026-06-06T08:10:16.304042+00:00,Google,https://google.com,200,200,182,1,
2026-06-06T08:10:16.574789+00:00,Github,http://github.com/,200,200,270,1,
2026-06-06T10:19:42.383276+00:00,Google,https://google.com,200,200,156,1,
2026-06-06T10:19:42.488525+00:00,Github,http://github.com/,200,200,105,1,
2026-06-06T11:50:21.691791+00:00,Google,https://google.com,200,200,168,1,
2026-06-06T11:50:22.410884+00:00,Github,http://github.com/,200,200,719,1,
2026-06-06T13:09:48.888829+00:00,Google,https://google.com,200,200,221,1,
2026-06-06T13:09:49.510490+00:00,Github,http://github.com/,200,200,621,1,
2026-06-06T14:52:02.411874+00:00,Google,https://google.com,200,200,148,1,
2026-06-06T14:52:02.513160+00:00,Github,http://github.com/,200,200,101,1,
2026-06-06T16:01:26.076186+00:00,Google,https://google.com,200,200,213,1,
2026-06-06T16:01:26.793545+00:00,Github,http://github.com/,200,200,717,1,
2026-06-06T17:33:17.717893+00:00,Google,https://google.com,200,200,180,1,
2026-06-06T17:33:17.756981+00:00,Github,http://github.com/,200,504,39,0,HTTPError: HTTP Error 504: Gateway Time-out
2026-06-06T18:51:26.132251+00:00,Google,https://google.com,200,200,190,1,
2026-06-06T18:51:26.425499+00:00,Github,http://github.com/,200,200,293,1,
2026-06-06T20:04:45.651578+00:00,Google,https://google.com,200,200,198,1,
2026-06-06T20:04:45.922257+00:00,Github,http://github.com/,200,200,270,1,
2026-06-06T21:16:09.056874+00:00,Google,https://google.com,200,200,222,1,
2026-06-06T21:16:09.126988+00:00,Github,http://github.com/,200,200,70,1,
2026-06-06T22:34:14.639660+00:00,Google,https://google.com,200,200,166,1,
2026-06-06T22:34:14.891603+00:00,Github,http://github.com/,200,200,251,1,
2026-06-06T23:42:03.699413+00:00,Google,https://google.com,200,200,156,1,
2026-06-06T23:42:03.803023+00:00,Github,http://github.com/,200,200,103,1,
2026-06-07T01:54:47.749957+00:00,Google,https://google.com,200,200,187,1,
2026-06-07T01:54:48.473160+00:00,Github,http://github.com/,200,200,723,1,
2026-06-07T06:15:01.933180+00:00,Google,https://google.com,200,200,270,1,
2026-06-07T06:15:02.299992+00:00,Github,http://github.com/,200,200,366,1,
2026-06-07T09:40:01.653300+00:00,Google,https://google.com,200,200,284,1,
2026-06-07T09:40:01.744504+00:00,Github,http://github.com/,200,200,91,1,
2026-06-07T11:24:35.823484+00:00,Google,https://google.com,200,200,188,1,
2026-06-07T11:24:36.523713+00:00,Github,http://github.com/,200,200,700,1,
2026-06-07T12:56:07.956057+00:00,Google,https://google.com,200,200,118,1,
2026-06-07T12:56:08.010466+00:00,Github,http://github.com/,200,200,54,1,
2026-06-07T14:48:59.093485+00:00,Google,https://google.com,200,200,241,1,
2026-06-07T14:48:59.719930+00:00,Github,http://github.com/,200,200,626,1,
2026-06-07T16:07:04.050827+00:00,Google,https://google.com,200,200,167,1,
2026-06-07T16:07:04.268715+00:00,Github,http://github.com/,200,200,217,1,
2026-06-07T17:38:59.542373+00:00,Google,https://google.com,200,200,121,1,
2026-06-07T17:38:59.611589+00:00,Github,http://github.com/,200,200,69,1,
2026-06-07T18:54:36.472356+00:00,Google,https://google.com,200,200,162,1,
2026-06-07T18:54:36.695397+00:00,Github,http://github.com/,200,200,223,1,
2026-06-07T20:06:13.817468+00:00,Google,https://google.com,200,200,167,1,
2026-06-07T20:06:13.903463+00:00,Github,http://github.com/,200,200,85,1,
2026-06-07T21:34:29.000235+00:00,Google,https://google.com,200,200,136,1,
2026-06-07T21:34:29.051054+00:00,Github,http://github.com/,200,200,50,1,
2026-06-07T22:44:07.522850+00:00,Google,https://google.com,200,200,180,1,
2026-06-07T22:44:07.623478+00:00,Github,http://github.com/,200,200,100,1,
2026-06-07T23:45:45.238685+00:00,Google,https://google.com,200,200,183,1,
2026-06-07T23:45:45.523075+00:00,Github,http://github.com/,200,200,284,1,
2026-06-08T02:44:40.112220+00:00,Google,https://google.com,200,200,142,1,
2026-06-08T02:44:40.179855+00:00,Github,http://github.com/,200,200,67,1,
2026-06-08T07:16:23.168277+00:00,Google,https://google.com,200,200,229,1,
2026-06-08T07:16:23.283038+00:00,Github,http://github.com/,200,504,114,0,HTTPError: HTTP Error 504: Gateway Time-out
2026-06-08T12:12:23.357631+00:00,Google,https://google.com,200,200,169,1,
2026-06-08T12:12:23.412102+00:00,Github,http://github.com/,200,200,54,1,
2026-06-08T16:17:58.970186+00:00,Google,https://google.com,200,200,162,1,
2026-06-08T16:17:59.228453+00:00,Github,http://github.com/,200,200,258,1,
2026-06-08T18:40:44.736995+00:00,Google,https://google.com,200,200,176,1,
2026-06-08T18:40:44.991702+00:00,Github,http://github.com/,200,200,254,1,
2026-06-08T21:05:21.504365+00:00,Google,https://google.com,200,200,169,1,
2026-06-08T21:05:21.607909+00:00,Github,http://github.com/,200,200,103,1,
2026-06-08T22:47:40.947644+00:00,Google,https://google.com,200,200,193,1,
2026-06-08T22:47:41.189843+00:00,Github,http://github.com/,200,200,242,1,
2026-06-08T23:57:51.962649+00:00,Google,https://google.com,200,200,273,1,
2026-06-08T23:57:52.549519+00:00,Github,http://github.com/,200,200,586,1,
2026-06-09T02:58:25.378794+00:00,Google,https://google.com,200,200,116,1,
2026-06-09T02:58:25.448444+00:00,Github,http://github.com/,200,200,69,1,
2026-06-09T06:50:33.720538+00:00,Google,https://google.com,200,200,118,1,
2026-06-09T06:50:33.769639+00:00,Github,http://github.com/,200,200,49,1,
2026-06-09T10:29:12.714265+00:00,Google,https://google.com,200,200,115,1,
2026-06-09T10:29:12.764733+00:00,Github,http://github.com/,200,200,50,1,
2026-06-09T13:24:30.757009+00:00,Google,https://google.com,200,200,124,1,
2026-06-09T13:24:30.814036+00:00,Github,http://github.com/,200,200,56,1,
2026-06-09T16:15:57.851909+00:00,Google,https://google.com,200,200,192,1,
2026-06-09T16:15:57.967091+00:00,Github,http://github.com/,200,200,115,1,
2026-06-09T18:27:59.221249+00:00,Google,https://google.com,200,200,167,1,
2026-06-09T18:27:59.905599+00:00,Github,http://github.com/,200,200,684,1,
2026-06-09T20:26:40.180242+00:00,Google,https://google.com,200,200,177,1,
2026-06-09T20:26:40.277173+00:00,Github,http://github.com/,200,200,96,1,
2026-06-09T22:04:21.895656+00:00,Google,https://google.com,200,200,118,1,
2026-06-09T22:04:21.951446+00:00,Github,http://github.com/,200,200,55,1,
2026-06-09T23:41:19.868506+00:00,Google,https://google.com,200,200,151,1,
2026-06-09T23:41:19.971411+00:00,Github,http://github.com/,200,200,102,1,
2026-06-10T01:51:51.930433+00:00,Google,https://google.com,200,200,150,1,
2026-06-10T01:51:52.029896+00:00,Github,http://github.com/,200,200,99,1,
2026-06-10T06:15:12.300853+00:00,Google,https://google.com,200,200,166,1,
2026-06-10T06:15:12.359018+00:00,Github,http://github.com/,200,200,58,1,
2026-06-10T10:38:06.563869+00:00,Google,https://google.com,200,200,166,1,
2026-06-10T10:38:06.783430+00:00,Github,http://github.com/,200,200,219,1,
2026-06-10T13:59:25.570059+00:00,Google,https://google.com,200,200,221,1,
2026-06-10T13:59:26.212817+00:00,Github,http://github.com/,200,200,642,1,
2026-06-10T17:22:38.444416+00:00,Google,https://google.com,200,200,120,1,
2026-06-10T17:22:38.503505+00:00,Github,http://github.com/,200,200,59,1,
2026-06-10T19:51:13.495286+00:00,Google,https://google.com,200,200,117,1,
2026-06-10T19:51:13.555005+00:00,Github,http://github.com/,200,200,59,1,
2026-06-10T21:51:19.995201+00:00,Google,https://google.com,200,200,252,1,
2026-06-10T21:51:20.626778+00:00,Github,http://github.com/,200,200,631,1,
2026-06-10T23:19:11.800540+00:00,Google,https://google.com,200,200,177,1,
2026-06-10T23:19:12.442174+00:00,Github,http://github.com/,200,200,641,1,
2026-06-11T01:44:50.230590+00:00,Google,https://google.com,200,200,223,1,
2026-06-11T01:44:50.871142+00:00,Github,http://github.com/,200,200,640,1,
2026-06-11T06:27:16.752695+00:00,Google,https://google.com,200,200,192,1,
2026-06-11T06:27:17.432448+00:00,Github,http://github.com/,200,200,679,1,
2026-06-11T11:07:58.476471+00:00,Google,https://google.com,200,200,244,1,
2026-06-11T11:07:59.163368+00:00,Github,http://github.com/,200,200,686,1,
2026-06-11T14:53:14.744701+00:00,Google,https://google.com,200,200,186,1,
2026-06-11T14:53:14.845781+00:00,Github,http://github.com/,200,200,101,1,
2026-06-11T18:07:06.036506+00:00,Google,https://google.com,200,200,196,1,
2026-06-11T18:07:06.322440+00:00,Github,http://github.com/,200,200,285,1,
2026-06-11T20:34:01.853143+00:00,Google,https://google.com,200,200,185,1,
2026-06-11T20:34:02.123972+00:00,Github,http://github.com/,200,200,270,1,
2026-06-11T22:26:40.313811+00:00,Google,https://google.com,200,200,250,1,
2026-06-11T22:26:40.670258+00:00,Github,http://github.com/,200,200,356,1,
2026-06-11T23:59:03.670837+00:00,Google,https://google.com,200,200,162,1,
2026-06-11T23:59:03.922702+00:00,Github,http://github.com/,200,200,251,1,
2026-06-12T04:11:03.847667+00:00,Google,https://google.com,200,200,254,1,
2026-06-12T04:11:04.211757+00:00,Github,http://github.com/,200,200,364,1,
2026-06-12T08:41:11.720662+00:00,Google,https://google.com,200,200,152,1,
2026-06-12T08:41:11.831700+00:00,Github,http://github.com/,200,200,110,1,
2026-06-12T12:01:59.761820+00:00,Google,https://google.com,200,200,158,1,
2026-06-12T12:02:00.053505+00:00,Github,http://github.com/,200,200,291,1,
2026-06-12T15:36:40.224200+00:00,Google,https://google.com,200,200,121,1,
2026-06-12T15:36:40.285863+00:00,Github,http://github.com/,200,200,61,1,
2026-06-12T17:52:10.528797+00:00,Google,https://google.com,200,200,437,1,
2026-06-12T17:52:10.799574+00:00,Github,http://github.com/,200,200,270,1,
2026-06-12T19:55:03.528528+00:00,Google,https://google.com,200,200,195,1,
2026-06-12T19:55:03.811175+00:00,Github,http://github.com/,200,200,282,1,
2026-06-12T21:25:04.880810+00:00,Google,https://google.com,200,200,243,1,
2026-06-12T21:25:05.516024+00:00,Github,http://github.com/,200,200,635,1,
2026-06-12T22:53:27.460318+00:00,Google,https://google.com,200,200,164,1,
2026-06-12T22:53:27.715619+00:00,Github,http://github.com/,200,200,255,1,
2026-06-13T00:13:29.156109+00:00,Google,https://google.com,200,200,166,1,
2026-06-13T00:13:29.261841+00:00,Github,http://github.com/,200,200,105,1,
2026-06-13T04:51:11.749335+00:00,Google,https://google.com,200,200,133,1,
2026-06-13T04:51:11.825123+00:00,Github,http://github.com/,200,200,75,1,
2026-06-13T08:16:18.822385+00:00,Google,https://google.com,200,200,247,1,
2026-06-13T08:16:19.129421+00:00,Github,http://github.com/,200,200,306,1,
2026-06-13T10:42:47.213361+00:00,Google,https://google.com,200,200,183,1,
2026-06-13T10:42:47.307575+00:00,Github,http://github.com/,200,200,94,1,
2026-06-13T12:14:53.053809+00:00,Google,https://google.com,200,200,131,1,
2026-06-13T12:14:53.107414+00:00,Github,http://github.com/,200,200,53,1,
2026-06-13T14:27:38.939395+00:00,Google,https://google.com,200,200,141,1,
2026-06-13T14:27:38.998758+00:00,Github,http://github.com/,200,200,59,1,
2026-06-13T15:56:58.054621+00:00,Google,https://google.com,200,200,125,1,
2026-06-13T15:56:58.114000+00:00,Github,http://github.com/,200,200,59,1,
2026-06-13T17:18:51.432021+00:00,Google,https://google.com,200,200,165,1,
2026-06-13T17:18:51.672391+00:00,Github,http://github.com/,200,200,240,1,
2026-06-13T18:50:26.908465+00:00,Google,https://google.com,200,200,194,1,
2026-06-13T18:50:27.013875+00:00,Github,http://github.com/,200,200,105,1,
2026-06-13T20:10:51.199293+00:00,Google,https://google.com,200,200,122,1,
2026-06-13T20:10:51.266368+00:00,Github,http://github.com/,200,200,67,1,
2026-06-13T21:37:07.327103+00:00,Google,https://google.com,200,200,131,1,
2026-06-13T21:37:07.393838+00:00,Github,http://github.com/,200,200,66,1,
2026-06-13T22:44:25.633611+00:00,Google,https://google.com,200,200,220,1,
2026-06-13T22:44:25.858824+00:00,Github,http://github.com/,200,200,225,1,
2026-06-13T23:47:47.395003+00:00,Google,https://google.com,200,200,162,1,
2026-06-13T23:47:47.669366+00:00,Github,http://github.com/,200,200,274,1,
2026-06-14T02:45:30.168378+00:00,Google,https://google.com,200,200,154,1,
2026-06-14T02:45:30.265255+00:00,Github,http://github.com/,200,200,96,1,
2026-06-14T07:16:44.958163+00:00,Google,https://google.com,200,200,121,1,
2026-06-14T07:16:45.031828+00:00,Github,http://github.com/,200,200,73,1,
2026-06-14T10:36:13.891084+00:00,Google,https://google.com,200,200,120,1,
2026-06-14T10:36:13.950212+00:00,Github,http://github.com/,200,200,59,1,
2026-06-14T12:27:49.072814+00:00,Google,https://google.com,200,200,313,1,
2026-06-14T12:27:49.419018+00:00,Github,http://github.com/,200,200,346,1,
2026-06-14T14:39:41.168454+00:00,Google,https://google.com,200,200,189,1,
2026-06-14T14:39:41.389611+00:00,Github,http://github.com/,200,200,221,1,
2026-06-14T16:10:04.792412+00:00,Google,https://google.com,200,200,157,1,
2026-06-14T16:10:04.860509+00:00,Github,http://github.com/,200,200,68,1,
2026-06-14T17:45:02.053705+00:00,Google,https://google.com,200,200,146,1,
2026-06-14T17:45:02.147764+00:00,Github,http://github.com/,200,200,94,1,
2026-06-14T18:58:53.756871+00:00,Google,https://google.com,200,200,129,1,
2026-06-14T18:58:53.823546+00:00,Github,http://github.com/,200,200,66,1,
2026-06-14T20:19:07.133013+00:00,Google,https://google.com,200,200,191,1,
2026-06-14T20:19:07.386002+00:00,Github,http://github.com/,200,200,252,1,
2026-06-14T21:48:56.555439+00:00,Google,https://google.com,200,200,248,1,
2026-06-14T21:48:57.085351+00:00,Github,http://github.com/,200,200,529,1,
2026-06-14T22:59:40.348873+00:00,Google,https://google.com,200,200,123,1,
2026-06-14T22:59:40.412423+00:00,Github,http://github.com/,200,200,63,1,
2026-06-15T00:15:02.562780+00:00,Google,https://google.com,200,200,178,1,
2026-06-15T00:15:02.663365+00:00,Github,http://github.com/,200,200,100,1,
2026-06-15T05:29:20.372133+00:00,Google,https://google.com,200,200,306,1,
2026-06-15T05:29:20.686604+00:00,Github,http://github.com/,200,200,314,1,
2026-06-15T11:29:27.051465+00:00,Google,https://google.com,200,200,151,1,
2026-06-15T11:29:27.105671+00:00,Github,http://github.com/,200,200,54,1,
2026-06-15T16:27:39.062264+00:00,Google,https://google.com,200,200,150,1,
2026-06-15T16:27:39.171126+00:00,Github,http://github.com/,200,200,108,1,
2026-06-15T20:01:04.117770+00:00,Google,https://google.com,200,200,180,1,
2026-06-15T20:01:04.819861+00:00,Github,http://github.com/,200,200,702,1,
2026-06-15T22:27:30.200351+00:00,Google,https://google.com,200,200,183,1,
2026-06-15T22:27:30.449534+00:00,Github,http://github.com/,200,200,249,1,
2026-06-16T00:09:47.927756+00:00,Google,https://google.com,200,200,155,1,
2026-06-16T00:09:48.027043+00:00,Github,http://github.com/,200,200,99,1,
2026-06-16T05:29:10.869902+00:00,Google,https://google.com,200,200,174,1,
2026-06-16T05:29:10.988208+00:00,Github,http://github.com/,200,200,118,1,
2026-06-16T10:25:00.377788+00:00,Google,https://google.com,200,200,157,1,
2026-06-16T10:25:00.477729+00:00,Github,http://github.com/,200,200,99,1,
2026-06-16T15:25:21.213198+00:00,Google,https://google.com,200,200,160,1,
2026-06-16T15:25:21.419415+00:00,Github,http://github.com/,200,200,206,1,
2026-06-16T19:00:45.431979+00:00,Google,https://google.com,200,200,144,1,
2026-06-16T19:00:45.510099+00:00,Github,http://github.com/,200,200,78,1,
2026-06-16T21:46:51.960014+00:00,Google,https://google.com,200,200,217,1,
2026-06-16T21:46:52.545103+00:00,Github,http://github.com/,200,200,585,1,
2026-06-16T23:17:42.036128+00:00,Google,https://google.com,200,200,172,1,
2026-06-16T23:17:42.304599+00:00,Github,http://github.com/,200,200,268,1,
2026-06-17T01:58:48.699179+00:00,Google,https://google.com,200,200,314,1,
2026-06-17T01:58:48.773092+00:00,Github,http://github.com/,200,200,73,1,
2026-06-17T07:11:32.590943+00:00,Google,https://google.com,200,200,212,1,
2026-06-17T07:11:33.019140+00:00,Github,http://github.com/,200,200,428,1,
2026-06-17T11:57:03.005156+00:00,Google,https://google.com,200,200,165,1,
2026-06-17T11:57:03.226489+00:00,Github,http://github.com/,200,200,221,1,
2026-06-17T15:17:49.907045+00:00,Google,https://google.com,200,200,121,1,
2026-06-17T15:17:49.977148+00:00,Github,http://github.com/,200,200,70,1,
2026-06-17T18:00:35.326925+00:00,Google,https://google.com,200,200,232,1,
2026-06-17T18:00:35.433024+00:00,Github,http://github.com/,200,200,106,1,
2026-06-17T20:28:26.012443+00:00,Google,https://google.com,200,200,254,1,
2026-06-17T20:28:26.351073+00:00,Github,http://github.com/,200,200,338,1,
2026-06-17T22:19:57.108138+00:00,Google,https://google.com,200,200,118,1,
2026-06-17T22:19:57.160006+00:00,Github,http://github.com/,200,200,51,1,
2026-06-17T23:54:08.296924+00:00,Google,https://google.com,200,200,169,1,
2026-06-17T23:54:08.516577+00:00,Github,http://github.com/,200,200,219,1,
2026-06-18T02:44:09.625783+00:00,Google,https://google.com,200,200,116,1,
2026-06-18T02:44:09.676922+00:00,Github,http://github.com/,200,200,51,1,
2026-06-18T07:19:34.461260+00:00,Google,https://google.com,200,200,221,1,
2026-06-18T07:19:35.046637+00:00,Github,http://github.com/,200,200,585,1,
2026-06-18T11:33:54.976191+00:00,Google,https://google.com,200,200,158,1,
2026-06-18T11:33:55.187870+00:00,Github,http://github.com/,200,200,211,1,
2026-06-18T14:33:27.927249+00:00,Google,https://google.com,200,200,287,1,
2026-06-18T14:33:28.247922+00:00,Github,http://github.com/,200,200,320,1,
2026-06-18T17:46:39.498191+00:00,Google,https://google.com,200,200,167,1,
2026-06-18T17:46:39.594636+00:00,Github,http://github.com/,200,200,96,1,
2026-06-18T20:12:00.684837+00:00,Google,https://google.com,200,200,147,1,
2026-06-18T20:12:00.786009+00:00,Github,http://github.com/,200,200,101,1,
2026-06-18T22:24:42.293418+00:00,Google,https://google.com,200,200,176,1,
2026-06-18T22:24:42.596665+00:00,Github,http://github.com/,200,200,303,1,
2026-06-19T00:06:46.298998+00:00,Google,https://google.com,200,200,256,1,
2026-06-19T00:06:46.637226+00:00,Github,http://github.com/,200,200,338,1,
2026-06-19T05:22:01.697667+00:00,Google,https://google.com,200,200,225,1,
2026-06-19T05:22:02.240676+00:00,Github,http://github.com/,200,200,542,1,
2026-06-19T09:56:44.351380+00:00,Google,https://google.com,200,200,158,1,
2026-06-19T09:56:44.576471+00:00,Github,http://github.com/,200,200,225,1,
2026-06-19T13:32:12.187126+00:00,Google,https://google.com,200,200,206,1,
2026-06-19T13:32:12.439908+00:00,Github,http://github.com/,200,200,252,1,
2026-06-19T16:20:15.718506+00:00,Google,https://google.com,200,200,160,1,
2026-06-19T16:20:15.994326+00:00,Github,http://github.com/,200,200,275,1,
2026-06-19T18:13:31.095363+00:00,Google,https://google.com,200,200,157,1,
2026-06-19T18:13:31.194397+00:00,Github,http://github.com/,200,200,98,1,
2026-06-19T20:02:56.197780+00:00,Google,https://google.com,200,200,177,1,
2026-06-19T20:02:56.301320+00:00,Github,http://github.com/,200,200,103,1,
2026-06-19T21:20:12.478683+00:00,Google,https://google.com,200,200,162,1,
2026-06-19T21:20:12.696845+00:00,Github,http://github.com/,200,200,218,1,
2026-06-19T22:29:02.859500+00:00,Google,https://google.com,200,200,192,1,
2026-06-19T22:29:03.128182+00:00,Github,http://github.com/,200,200,268,1,
2026-06-19T23:36:20.815380+00:00,Google,https://google.com,200,200,120,1,
2026-06-19T23:36:20.877974+00:00,Github,http://github.com/,200,200,62,1,
2026-06-20T01:50:21.847953+00:00,Google,https://google.com,200,200,180,1,
2026-06-20T01:50:21.953155+00:00,Github,http://github.com/,200,200,105,1,
2026-06-20T06:14:45.206558+00:00,Google,https://google.com,200,200,281,1,
2026-06-20T06:14:45.550615+00:00,Github,http://github.com/,200,200,344,1,
2026-06-20T06:14:59.956951+00:00,Google,https://google.com,200,200,287,1,
2026-06-20T06:15:00.592308+00:00,Github,http://github.com/,200,200,635,1,
2026-06-20T09:42:58.719996+00:00,Google,https://google.com,200,200,194,1,
2026-06-20T09:42:59.035290+00:00,Github,http://github.com/,200,200,315,1,
2026-06-20T11:34:12.427214+00:00,Google,https://google.com,200,200,127,1,
2026-06-20T11:34:12.483304+00:00,Github,http://github.com/,200,200,56,1,
2026-06-20T13:11:12.522153+00:00,Google,https://google.com,200,200,156,1,
2026-06-20T13:11:12.739726+00:00,Github,http://github.com/,200,200,217,1,
2026-06-20T15:12:59.284697+00:00,Google,https://google.com,200,200,165,1,
2026-06-20T15:12:59.380340+00:00,Github,http://github.com/,200,200,95,1,
2026-06-20T16:50:08.719894+00:00,Google,https://google.com,200,200,169,1,
2026-06-20T16:50:09.005549+00:00,Github,http://github.com/,200,200,285,1,
2026-06-20T18:05:27.713430+00:00,Google,https://google.com,200,200,196,1,
2026-06-20T18:05:28.395190+00:00,Github,http://github.com/,200,200,681,1,
2026-06-20T19:54:01.850380+00:00,Google,https://google.com,200,200,265,1,
2026-06-20T19:54:02.213956+00:00,Github,http://github.com/,200,200,363,1,
2026-06-20T21:05:23.970122+00:00,Google,https://google.com,200,200,305,1,
2026-06-20T21:05:24.577911+00:00,Github,http://github.com/,200,200,607,1,
2026-06-20T22:21:15.272714+00:00,Google,https://google.com,200,200,131,1,
2026-06-20T22:21:15.329766+00:00,Github,http://github.com/,200,200,57,1,
2026-06-20T23:41:23.075038+00:00,Google,https://google.com,200,200,175,1,
2026-06-20T23:41:23.343171+00:00,Github,http://github.com/,200,200,268,1,
2026-06-21T02:04:19.727952+00:00,Google,https://google.com,200,200,141,1,
2026-06-21T02:04:19.780198+00:00,Github,http://github.com/,200,200,52,1,
2026-06-21T07:05:10.984256+00:00,Google,https://google.com,200,200,121,1,
2026-06-21T07:05:11.037374+00:00,Github,http://github.com/,200,200,53,1,
2026-06-21T10:44:31.067817+00:00,Google,https://google.com,200,200,168,1,
2026-06-21T10:44:31.739121+00:00,Github,http://github.com/,200,200,671,1,
2026-06-21T12:30:19.975723+00:00,Google,https://google.com,200,200,298,1,
2026-06-21T12:30:20.076553+00:00,Github,http://github.com/,200,200,100,1,
2026-06-21T15:00:42.622474+00:00,Google,https://google.com,200,200,163,1,
2026-06-21T15:00:42.740594+00:00,Github,http://github.com/,200,200,118,1,
2026-06-21T16:53:46.017845+00:00,Google,https://google.com,200,200,153,1,
2026-06-21T16:53:46.074749+00:00,Github,http://github.com/,200,200,56,1,
2026-06-21T18:14:59.179079+00:00,Google,https://google.com,200,200,269,1,
2026-06-21T18:14:59.500293+00:00,Github,http://github.com/,200,200,321,1,
2026-06-21T20:03:47.899345+00:00,Google,https://google.com,200,200,228,1,
2026-06-21T20:03:48.474048+00:00,Github,http://github.com/,200,200,574,1,
2026-06-21T21:40:06.931525+00:00,Google,https://google.com,200,200,177,1,
2026-06-21T21:40:07.254269+00:00,Github,http://github.com/,200,200,322,1,
2026-06-21T22:46:52.948022+00:00,Google,https://google.com,200,200,155,1,
2026-06-21T22:46:53.051404+00:00,Github,http://github.com/,200,200,103,1,
2026-06-22T00:03:36.243278+00:00,Google,https://google.com,200,200,161,1,
2026-06-22T00:03:36.367123+00:00,Github,http://github.com/,200,200,123,1,
2026-06-22T05:27:53.490364+00:00,Google,https://google.com,200,200,155,1,
2026-06-22T05:27:53.547687+00:00,Github,http://github.com/,200,200,57,1,
2026-06-22T11:12:42.874543+00:00,Google,https://google.com,200,200,143,1,
2026-06-22T11:12:42.959016+00:00,Github,http://github.com/,200,200,84,1,
2026-06-22T15:59:50.697815+00:00,Google,https://google.com,200,200,133,1,
2026-06-22T15:59:50.763893+00:00,Github,http://github.com/,200,200,66,1,
2026-06-22T19:33:47.787325+00:00,Google,https://google.com,200,200,169,1,
2026-06-22T19:33:48.061009+00:00,Github,http://github.com/,200,200,273,1,
2026-06-22T21:47:35.614862+00:00,Google,https://google.com,200,200,172,1,
2026-06-22T21:47:35.895379+00:00,Github,http://github.com/,200,200,280,1,
2026-06-22T23:12:32.188335+00:00,Google,https://google.com,200,200,144,1,
2026-06-22T23:12:32.249492+00:00,Github,http://github.com/,200,200,61,1,
2026-06-23T00:20:39.073766+00:00,Google,https://google.com,200,200,252,1,
2026-06-23T00:20:39.703459+00:00,Github,http://github.com/,200,200,629,1,
2026-06-23T04:37:10.971098+00:00,Google,https://google.com,200,200,200,1,
2026-06-23T04:37:11.073908+00:00,Github,http://github.com/,200,200,102,1,
2026-06-23T08:18:42.842895+00:00,Google,https://google.com,200,200,146,1,
2026-06-23T08:18:42.950082+00:00,Github,http://github.com/,200,200,107,1,
2026-06-23T11:36:10.908464+00:00,Google,https://google.com,200,200,189,1,
2026-06-23T11:36:11.154454+00:00,Github,http://github.com/,200,200,245,1,
2026-06-23T14:03:59.904164+00:00,Google,https://google.com,200,200,178,1,
2026-06-23T14:04:00.172509+00:00,Github,http://github.com/,200,200,268,1,
2026-06-23T16:39:18.908730+00:00,Google,https://google.com,200,200,254,1,
2026-06-23T16:39:19.131299+00:00,Github,http://github.com/,200,200,222,1,
2026-06-23T18:29:08.463485+00:00,Google,https://google.com,200,200,341,1,
2026-06-23T18:29:08.566906+00:00,Github,http://github.com/,200,200,103,1,
2026-06-23T20:33:27.665356+00:00,Google,https://google.com,200,200,183,1,
2026-06-23T20:33:28.254414+00:00,Github,http://github.com/,200,200,589,1,
2026-06-23T22:02:56.603801+00:00,Google,https://google.com,200,200,204,1,
2026-06-23T22:02:56.856660+00:00,Github,http://github.com/,200,200,252,1,
2026-06-23T23:20:24.936043+00:00,Google,https://google.com,200,200,210,1,
2026-06-23T23:20:25.560087+00:00,Github,http://github.com/,200,200,623,1,
2026-06-24T01:22:27.865231+00:00,Google,https://google.com,200,200,254,1,
2026-06-24T01:22:28.207441+00:00,Github,http://github.com/,200,200,342,1,
2026-06-24T05:14:59.718400+00:00,Google,https://google.com,200,200,165,1,
2026-06-24T05:14:59.967729+00:00,Github,http://github.com/,200,200,249,1,
2026-06-24T08:33:36.055557+00:00,Google,https://google.com,200,200,259,1,
2026-06-24T08:33:36.693800+00:00,Github,http://github.com/,200,200,638,1,
2026-06-24T11:27:28.534432+00:00,Google,https://google.com,200,200,228,1,
2026-06-24T11:27:29.057982+00:00,Github,http://github.com/,200,200,523,1,
2026-06-24T13:34:54.932233+00:00,Google,https://google.com,200,200,250,1,
2026-06-24T13:34:55.030571+00:00,Github,http://github.com/,200,200,98,1,
2026-06-24T15:59:49.334925+00:00,Google,https://google.com,200,200,183,1,
2026-06-24T15:59:49.563947+00:00,Github,http://github.com/,200,200,228,1,
2026-06-24T17:58:48.786843+00:00,Google,https://google.com,200,200,148,1,
2026-06-24T17:58:48.880516+00:00,Github,http://github.com/,200,200,93,1,
2026-06-24T19:47:59.706400+00:00,Google,https://google.com,200,200,186,1,
2026-06-24T19:47:59.957571+00:00,Github,http://github.com/,200,200,251,1,
2026-06-24T21:16:46.359499+00:00,Google,https://google.com,200,200,211,1,
2026-06-24T21:16:47.033101+00:00,Github,http://github.com/,200,200,673,1,
2026-06-24T22:43:35.764970+00:00,Google,https://google.com,200,200,201,1,
2026-06-24T22:43:36.030990+00:00,Github,http://github.com/,200,200,265,1,
2026-06-24T23:48:51.776441+00:00,Google,https://google.com,200,200,159,1,
2026-06-24T23:48:51.841011+00:00,Github,http://github.com/,200,200,64,1,
2026-06-25T02:30:01.563510+00:00,Google,https://google.com,200,200,295,1,
2026-06-25T02:30:01.876769+00:00,Github,http://github.com/,200,200,313,1,
2026-06-25T06:32:01.101314+00:00,Google,https://google.com,200,200,114,1,
2026-06-25T06:32:01.150686+00:00,Github,http://github.com/,200,200,49,1,
2026-06-25T09:56:58.145031+00:00,Google,https://google.com,200,200,207,1,
2026-06-25T09:56:58.727920+00:00,Github,http://github.com/,200,200,582,1,
2026-06-25T12:14:03.602589+00:00,Google,https://google.com,200,200,176,1,
2026-06-25T12:14:04.312728+00:00,Github,http://github.com/,200,200,710,1,
2026-06-25T15:14:02.911202+00:00,Google,https://google.com,200,200,227,1,
2026-06-25T15:14:03.136007+00:00,Github,http://github.com/,200,200,224,1,
2026-06-25T17:22:57.971602+00:00,Google,https://google.com,200,200,146,1,
2026-06-25T17:22:58.042348+00:00,Github,http://github.com/,200,200,70,1,
2026-06-25T19:21:31.522980+00:00,Google,https://google.com,200,200,160,1,
2026-06-25T19:21:31.769496+00:00,Github,http://github.com/,200,200,246,1,
2026-06-25T21:09:27.571609+00:00,Google,https://google.com,200,200,127,1,
2026-06-25T21:09:27.625737+00:00,Github,http://github.com/,200,200,54,1,
2026-06-25T22:43:55.417126+00:00,Google,https://google.com,200,200,178,1,
2026-06-25T22:43:56.039967+00:00,Github,http://github.com/,200,200,622,1,
2026-06-25T23:58:32.317934+00:00,Google,https://google.com,200,200,155,1,
2026-06-25T23:58:32.566749+00:00,Github,http://github.com/,200,200,248,1,
2026-06-26T03:44:57.168064+00:00,Google,https://google.com,200,200,160,1,
2026-06-26T03:44:57.735198+00:00,Github,http://github.com/,200,200,567,1,
2026-06-26T07:37:44.093431+00:00,Google,https://google.com,200,200,154,1,
2026-06-26T07:37:44.306646+00:00,Github,http://github.com/,200,200,213,1,
2026-06-26T10:38:22.575880+00:00,Google,https://google.com,200,200,119,1,
2026-06-26T10:38:22.630626+00:00,Github,http://github.com/,200,200,54,1,
2026-06-26T12:33:03.166085+00:00,Google,https://google.com,200,200,191,1,
2026-06-26T12:33:03.433994+00:00,Github,http://github.com/,200,200,267,1,
2026-06-26T15:15:27.928851+00:00,Google,https://google.com,200,200,110,1,
2026-06-26T15:15:27.984291+00:00,Github,http://github.com/,200,200,55,1,
2026-06-26T17:13:23.179292+00:00,Google,https://google.com,200,200,177,1,
2026-06-26T17:13:23.434667+00:00,Github,http://github.com/,200,200,255,1,
2026-06-26T19:03:14.642006+00:00,Google,https://google.com,200,200,162,1,
2026-06-26T19:03:14.696317+00:00,Github,http://github.com/,200,200,54,1,
2026-06-26T20:53:17.435010+00:00,Google,https://google.com,200,200,135,1,
2026-06-26T20:53:17.489374+00:00,Github,http://github.com/,200,200,54,1,
2026-06-26T22:03:38.421478+00:00,Google,https://google.com,200,200,141,1,
2026-06-26T22:03:38.474818+00:00,Github,http://github.com/,200,200,53,1,
2026-06-26T23:21:38.245386+00:00,Google,https://google.com,200,200,122,1,
2026-06-26T23:21:38.300088+00:00,Github,http://github.com/,200,200,54,1,
2026-06-27T01:27:02.409501+00:00,Google,https://google.com,200,200,163,1,
2026-06-27T01:27:02.670625+00:00,Github,http://github.com/,200,200,261,1,
2026-06-27T05:10:50.043611+00:00,Google,https://google.com,200,200,155,1,
2026-06-27T05:10:50.290254+00:00,Github,http://github.com/,200,200,246,1,
2026-06-27T08:05:21.739994+00:00,Google,https://google.com,200,200,236,1,
2026-06-27T08:05:22.289281+00:00,Github,http://github.com/,200,200,549,1,
2026-06-27T10:20:58.169062+00:00,Google,https://google.com,200,200,162,1,
2026-06-27T10:20:58.740701+00:00,Github,http://github.com/,200,200,571,1,
2026-06-27T11:50:59.432806+00:00,Google,https://google.com,200,200,175,1,
2026-06-27T11:50:59.681089+00:00,Github,http://github.com/,200,200,248,1,
2026-06-27T13:12:17.326251+00:00,Google,https://google.com,200,200,162,1,
2026-06-27T13:12:17.546281+00:00,Github,http://github.com/,200,200,219,1,
2026-06-27T14:54:38.724718+00:00,Google,https://google.com,200,200,123,1,
2026-06-27T14:54:38.802832+00:00,Github,http://github.com/,200,200,78,1,
2026-06-27T15:59:06.065110+00:00,Google,https://google.com,200,200,192,1,
2026-06-27T15:59:06.341180+00:00,Github,http://github.com/,200,200,276,1,
2026-06-27T17:12:12.892935+00:00,Google,https://google.com,200,200,114,1,
2026-06-27T17:12:12.954372+00:00,Github,http://github.com/,200,200,61,1,
2026-06-27T18:18:07.805449+00:00,Google,https://google.com,200,200,191,1,
2026-06-27T18:18:08.044767+00:00,Github,http://github.com/,200,200,239,1,
2026-06-27T19:50:16.899236+00:00,Google,https://google.com,200,200,158,1,
2026-06-27T19:50:16.995002+00:00,Github,http://github.com/,200,200,95,1,
2026-06-27T20:51:33.133160+00:00,Google,https://google.com,200,200,152,1,
2026-06-27T20:51:33.232485+00:00,Github,http://github.com/,200,200,99,1,
2026-06-27T21:55:01.391459+00:00,Google,https://google.com,200,200,154,1,
2026-06-27T21:55:01.615861+00:00,Github,http://github.com/,200,200,224,1,
2026-06-27T22:55:46.305390+00:00,Google,https://google.com,200,200,229,1,
2026-06-27T22:55:46.882048+00:00,Github,http://github.com/,200,200,576,1,
2026-06-27T23:56:15.579067+00:00,Google,https://google.com,200,200,155,1,
2026-06-27T23:56:15.853256+00:00,Github,http://github.com/,200,200,274,1,
2026-06-28T02:53:44.447553+00:00,Google,https://google.com,200,200,185,1,
2026-06-28T02:53:44.499823+00:00,Github,http://github.com/,200,200,52,1,
2026-06-28T06:55:58.705576+00:00,Google,https://google.com,200,200,143,1,
2026-06-28T06:55:58.755588+00:00,Github,http://github.com/,200,200,49,1,
2026-06-28T09:54:52.563739+00:00,Google,https://google.com,200,200,173,1,
2026-06-28T09:54:52.831922+00:00,Github,http://github.com/,200,200,268,1,
2026-06-28T11:43:02.764453+00:00,Google,https://google.com,200,200,113,1,
2026-06-28T11:43:02.834554+00:00,Github,http://github.com/,200,200,70,1,
2026-06-28T13:04:21.736213+00:00,Google,https://google.com,200,200,152,1,
2026-06-28T13:04:21.951122+00:00,Github,http://github.com/,200,200,214,1,
2026-06-28T14:56:04.855415+00:00,Google,https://google.com,200,200,254,1,
2026-06-28T14:56:05.073316+00:00,Github,http://github.com/,200,200,217,1,
2026-06-28T16:04:56.579616+00:00,Google,https://google.com,200,200,294,1,
2026-06-28T16:04:56.942192+00:00,Github,http://github.com/,200,200,362,1,
2026-06-28T17:34:07.593154+00:00,Google,https://google.com,200,200,187,1,
2026-06-28T17:34:07.859081+00:00,Github,http://github.com/,200,200,265,1,
2026-06-28T18:49:07.114312+00:00,Google,https://google.com,200,200,228,1,
2026-06-28T18:49:07.450147+00:00,Github,http://github.com/,200,200,335,1,
2026-06-28T20:07:07.218948+00:00,Google,https://google.com,200,200,153,1,
2026-06-28T20:07:07.901805+00:00,Github,http://github.com/,200,200,682,1,
2026-06-28T21:17:51.960502+00:00,Google,https://google.com,200,200,249,1,
2026-06-28T21:17:52.481808+00:00,Github,http://github.com/,200,200,521,1,
2026-06-28T22:33:22.872488+00:00,Google,https://google.com,200,200,156,1,
2026-06-28T22:33:23.511893+00:00,Github,http://github.com/,200,200,639,1,
2026-06-28T23:45:49.096956+00:00,Google,https://google.com,200,200,183,1,
2026-06-28T23:45:49.362206+00:00,Github,http://github.com/,200,200,265,1,
2026-06-29T02:38:01.058602+00:00,Google,https://google.com,200,200,130,1,
2026-06-29T02:38:01.113342+00:00,Github,http://github.com/,200,200,54,1,
2026-06-29T07:14:50.954362+00:00,Google,https://google.com,200,200,148,1,
2026-06-29T07:14:51.004693+00:00,Github,http://github.com/,200,200,50,1,
2026-06-29T12:10:15.964169+00:00,Google,https://google.com,200,200,155,1,
2026-06-29T12:10:16.263265+00:00,Github,http://github.com/,200,200,299,1,
2026-06-29T16:07:56.025158+00:00,Google,https://google.com,200,200,182,1,
2026-06-29T16:07:56.722824+00:00,Github,http://github.com/,200,200,697,1,
2026-06-29T18:20:52.987621+00:00,Google,https://google.com,200,200,160,1,
2026-06-29T18:20:53.233907+00:00,Github,http://github.com/,200,200,246,1,
2026-06-29T20:20:12.929013+00:00,Google,https://google.com,200,200,153,1,
2026-06-29T20:20:13.146192+00:00,Github,http://github.com/,200,200,217,1,
2026-06-29T21:49:25.018298+00:00,Google,https://google.com,200,200,249,1,
2026-06-29T21:49:25.324032+00:00,Github,http://github.com/,200,200,305,1,
2026-06-29T22:47:12.150126+00:00,Google,https://google.com,200,200,164,1,
2026-06-29T22:47:12.418105+00:00,Github,http://github.com/,200,200,267,1,
2026-06-29T23:54:34.232211+00:00,Google,https://google.com,200,200,169,1,
2026-06-29T23:54:34.498355+00:00,Github,http://github.com/,200,200,266,1,
2026-06-30T02:32:33.476362+00:00,Google,https://google.com,200,200,145,1,
2026-06-30T02:32:33.528444+00:00,Github,http://github.com/,200,200,52,1,
2026-06-30T06:40:03.701706+00:00,Google,https://google.com,200,200,177,1,
2026-06-30T06:40:03.950799+00:00,Github,http://github.com/,200,200,249,1,
2026-06-30T10:21:23.046586+00:00,Google,https://google.com,200,200,246,1,
2026-06-30T10:21:23.626026+00:00,Github,http://github.com/,200,200,579,1,
2026-06-30T12:27:53.704705+00:00,Google,https://google.com,200,200,155,1,
2026-06-30T12:27:53.930714+00:00,Github,http://github.com/,200,200,225,1,
2026-06-30T15:10:04.067941+00:00,Google,https://google.com,200,200,157,1,
2026-06-30T15:10:04.320891+00:00,Github,http://github.com/,200,200,252,1,
2026-06-30T17:13:42.647660+00:00,Google,https://google.com,200,200,125,1,
2026-06-30T17:13:42.707853+00:00,Github,http://github.com/,200,200,60,1,
2026-06-30T19:05:37.827990+00:00,Google,https://google.com,200,200,214,1,
2026-06-30T19:05:38.410723+00:00,Github,http://github.com/,200,200,582,1,
2026-06-30T21:03:16.631324+00:00,Google,https://google.com,200,200,284,1,
2026-06-30T21:03:17.003887+00:00,Github,http://github.com/,200,200,372,1,
2026-06-30T22:37:24.200925+00:00,Google,https://google.com,200,200,114,1,
2026-06-30T22:37:24.272674+00:00,Github,http://github.com/,200,200,71,1,
2026-06-30T23:47:57.674655+00:00,Google,https://google.com,200,200,116,1,
2026-06-30T23:47:57.723530+00:00,Github,http://github.com/,200,200,48,1,
2026-07-01T02:38:46.548282+00:00,Google,https://google.com,200,200,212,1,
2026-07-01T02:38:46.799024+00:00,Github,http://github.com/,200,200,250,1,
2026-07-01T06:56:46.258272+00:00,Google,https://google.com,200,200,174,1,
2026-07-01T06:56:46.488824+00:00,Github,http://github.com/,200,200,230,1,
2026-07-01T10:38:56.879310+00:00,Google,https://google.com,200,200,148,1,
2026-07-01T10:38:57.129298+00:00,Github,http://github.com/,200,200,249,1,
2026-07-01T13:22:05.127042+00:00,Google,https://google.com,200,200,179,1,
2026-07-01T13:22:05.361716+00:00,Github,http://github.com/,200,200,234,1,
2026-07-01T16:01:05.891519+00:00,Google,https://google.com,200,200,173,1,
2026-07-01T16:01:06.137691+00:00,Github,http://github.com/,200,200,246,1,
2026-07-01T18:14:45.091240+00:00,Google,https://google.com,200,200,147,1,
2026-07-01T18:14:45.193038+00:00,Github,http://github.com/,200,200,101,1,
2026-07-01T20:15:01.979850+00:00,Google,https://google.com,200,200,171,1,
2026-07-01T20:15:02.071889+00:00,Github,http://github.com/,200,200,91,1,
2026-07-01T21:48:54.019310+00:00,Google,https://google.com,200,200,171,1,
2026-07-01T21:48:54.271263+00:00,Github,http://github.com/,200,200,251,1,
2026-07-01T23:03:18.335166+00:00,Google,https://google.com,200,200,149,1,
2026-07-01T23:03:18.459311+00:00,Github,http://github.com/,200,200,124,1,
2026-07-02T00:19:46.318303+00:00,Google,https://google.com,200,200,298,1,
2026-07-02T00:19:46.982934+00:00,Github,http://github.com/,200,200,664,1,
2026-07-02T04:37:05.004802+00:00,Google,https://google.com,200,200,119,1,
2026-07-02T04:37:05.079013+00:00,Github,http://github.com/,200,200,74,1,
2026-07-02T07:55:19.847921+00:00,Google,https://google.com,200,200,186,1,
2026-07-02T07:55:20.549996+00:00,Github,http://github.com/,200,200,702,1,
2026-07-02T10:29:33.267184+00:00,Google,https://google.com,200,200,123,1,
2026-07-02T10:29:33.320361+00:00,Github,http://github.com/,200,200,53,1,
2026-07-02T12:28:54.769367+00:00,Google,https://google.com,200,200,233,1,
2026-07-02T12:28:55.417086+00:00,Github,http://github.com/,200,200,647,1,
2026-07-02T14:39:12.300724+00:00,Google,https://google.com,200,200,228,1,
2026-07-02T14:39:12.980489+00:00,Github,http://github.com/,200,200,679,1,
2026-07-02T16:26:04.496714+00:00,Google,https://google.com,200,200,167,1,
2026-07-02T16:26:04.591616+00:00,Github,http://github.com/,200,200,94,1,
2026-07-02T18:10:35.450201+00:00,Google,https://google.com,200,200,185,1,
2026-07-02T18:10:35.655366+00:00,Github,http://github.com/,200,200,205,1,
2026-07-02T19:49:23.338148+00:00,Google,https://google.com,200,200,156,1,
2026-07-02T19:49:23.588648+00:00,Github,http://github.com/,200,200,250,1,
2026-07-02T20:55:09.090379+00:00,Google,https://google.com,200,200,167,1,
2026-07-02T20:55:09.184452+00:00,Github,http://github.com/,200,200,94,1,
2026-07-02T21:59:51.742286+00:00,Google,https://google.com,200,200,145,1,
2026-07-02T21:59:51.804135+00:00,Github,http://github.com/,200,200,61,1,
2026-07-02T23:11:45.738694+00:00,Google,https://google.com,200,200,199,1,
2026-07-02T23:11:46.004504+00:00,Github,http://github.com/,200,200,265,1,
2026-07-03T00:18:03.245456+00:00,Google,https://google.com,200,200,262,1,
2026-07-03T00:18:03.582244+00:00,Github,http://github.com/,200,200,336,1,
2026-07-03T04:23:17.449261+00:00,Google,https://google.com,200,200,243,1,
2026-07-03T04:23:18.075057+00:00,Github,http://github.com/,200,200,625,1,
2026-07-03T07:44:19.515464+00:00,Google,https://google.com,200,200,141,1,
2026-07-03T07:44:19.615579+00:00,Github,http://github.com/,200,200,100,1,
2026-07-03T10:18:50.046472+00:00,Google,https://google.com,200,200,166,1,
2026-07-03T10:18:50.267672+00:00,Github,http://github.com/,200,200,221,1,
2026-07-03T12:23:29.600054+00:00,Google,https://google.com,200,200,155,1,
2026-07-03T12:23:29.879803+00:00,Github,http://github.com/,200,200,279,1,
2026-07-03T14:37:32.657548+00:00,Google,https://google.com,200,200,156,1,
2026-07-03T14:37:32.910578+00:00,Github,http://github.com/,200,200,252,1,
2026-07-03T16:11:47.876407+00:00,Google,https://google.com,200,200,221,1,
2026-07-03T16:11:48.456174+00:00,Github,http://github.com/,200,200,579,1,
2026-07-03T17:46:32.758947+00:00,Google,https://google.com,200,200,152,1,
2026-07-03T17:46:32.852116+00:00,Github,http://github.com/,200,200,93,1,
2026-07-03T19:03:05.456394+00:00,Google,https://google.com,200,200,233,1,
2026-07-03T19:03:06.059776+00:00,Github,http://github.com/,200,200,603,1,
2026-07-03T20:21:19.957984+00:00,Google,https://google.com,200,200,115,1,
2026-07-03T20:21:20.095705+00:00,Github,http://github.com/,200,200,137,1,
2026-07-03T21:37:43.313130+00:00,Google,https://google.com,200,200,118,1,
2026-07-03T21:37:43.365771+00:00,Github,http://github.com/,200,200,52,1,
2026-07-03T22:40:28.967046+00:00,Google,https://google.com,200,200,219,1,
2026-07-03T22:40:29.251228+00:00,Github,http://github.com/,200,200,284,1,
2026-07-03T23:40:54.350983+00:00,Google,https://google.com,200,200,214,1,
2026-07-03T23:40:54.975968+00:00,Github,http://github.com/,200,200,624,1,
2026-07-04T01:14:54.172469+00:00,Google,https://google.com,200,200,173,1,
2026-07-04T01:14:54.393332+00:00,Github,http://github.com/,200,200,220,1,
2026-07-04T04:52:19.710399+00:00,Google,https://google.com,200,200,151,1,
2026-07-04T04:52:19.968766+00:00,Github,http://github.com/,200,200,258,1,
2026-07-04T07:38:01.272298+00:00,Google,https://google.com,200,200,181,1,
2026-07-04T07:38:01.362649+00:00,Github,http://github.com/,200,200,90,1,
2026-07-04T09:50:26.583545+00:00,Google,https://google.com,200,200,153,1,
2026-07-04T09:50:26.839535+00:00,Github,http://github.com/,200,200,255,1,
2026-07-04T11:18:10.936176+00:00,Google,https://google.com,200,200,109,1,
2026-07-04T11:18:10.988777+00:00,Github,http://github.com/,200,200,52,1,
2026-07-04T12:40:09.210349+00:00,Google,https://google.com,200,200,139,1,
2026-07-04T12:40:09.313030+00:00,Github,http://github.com/,200,200,102,1,
2026-07-04T14:13:04.337632+00:00,Google,https://google.com,200,200,213,1,
2026-07-04T14:13:04.960289+00:00,Github,http://github.com/,200,200,622,1,
2026-07-04T15:30:04.835163+00:00,Google,https://google.com,200,200,237,1,
2026-07-04T15:30:05.162540+00:00,Github,http://github.com/,200,200,327,1,
2026-07-04T16:32:52.105634+00:00,Google,https://google.com,200,200,146,1,
2026-07-04T16:32:52.200201+00:00,Github,http://github.com/,200,200,94,1,
2026-07-04T17:41:40.735776+00:00,Google,https://google.com,200,200,215,1,
2026-07-04T17:41:41.309385+00:00,Github,http://github.com/,200,200,573,1,
2026-07-04T18:39:53.932599+00:00,Google,https://google.com,200,200,153,1,
2026-07-04T18:39:54.146872+00:00,Github,http://github.com/,200,200,214,1,
2026-07-04T19:51:39.261215+00:00,Google,https://google.com,200,200,145,1,
2026-07-04T19:51:39.354789+00:00,Github,http://github.com/,200,200,93,1,
2026-07-04T20:43:19.218492+00:00,Google,https://google.com,200,200,160,1,
2026-07-04T20:43:19.307742+00:00,Github,http://github.com/,200,200,89,1,
2026-07-04T21:40:35.732052+00:00,Google,https://google.com,200,200,147,1,
2026-07-04T21:40:35.827077+00:00,Github,http://github.com/,200,200,94,1,
2026-07-04T22:37:40.082645+00:00,Google,https://google.com,200,200,161,1,
2026-07-04T22:37:40.380094+00:00,Github,http://github.com/,200,200,297,1,
2026-07-04T23:41:36.622795+00:00,Google,https://google.com,200,200,112,1,
2026-07-04T23:41:36.686953+00:00,Github,http://github.com/,200,200,64,1,
2026-07-05T01:23:47.647545+00:00,Google,https://google.com,200,200,247,1,
2026-07-05T01:23:47.966336+00:00,Github,http://github.com/,200,200,318,1,
2026-07-05T05:29:42.756488+00:00,Google,https://google.com,200,200,111,1,
2026-07-05T05:29:42.825340+00:00,Github,http://github.com/,200,200,68,1,
2026-07-05T08:25:58.573263+00:00,Google,https://google.com,200,200,142,1,
2026-07-05T08:25:58.663838+00:00,Github,http://github.com/,200,200,90,1,
2026-07-05T10:35:39.474556+00:00,Google,https://google.com,200,200,163,1,
2026-07-05T10:35:40.154354+00:00,Github,http://github.com/,200,200,679,1,
2026-07-05T12:02:40.433773+00:00,Google,https://google.com,200,200,145,1,
2026-07-05T12:02:40.535098+00:00,Github,http://github.com/,200,200,101,1,
2026-07-05T14:06:14.789228+00:00,Google,https://google.com,200,200,159,1,
2026-07-05T14:06:15.046129+00:00,Github,http://github.com/,200,200,256,1,
2026-07-05T15:35:43.987450+00:00,Google,https://google.com,200,200,242,1,
2026-07-05T15:35:44.483839+00:00,Github,http://github.com/,200,200,496,1,
2026-07-05T16:41:05.959570+00:00,Google,https://google.com,200,200,123,1,
2026-07-05T16:41:06.014160+00:00,Github,http://github.com/,200,200,54,1,
2026-07-05T17:43:29.685125+00:00,Google,https://google.com,200,200,157,1,
2026-07-05T17:43:29.988453+00:00,Github,http://github.com/,200,200,303,1,
2026-07-05T18:45:26.620294+00:00,Google,https://google.com,200,200,159,1,
2026-07-05T18:45:26.868492+00:00,Github,http://github.com/,200,200,248,1,
2026-07-05T20:06:02.820669+00:00,Google,https://google.com,200,200,150,1,
2026-07-05T20:06:02.919574+00:00,Github,http://github.com/,200,200,98,1,
2026-07-05T21:17:28.471665+00:00,Google,https://google.com,200,200,122,1,
2026-07-05T21:17:28.522333+00:00,Github,http://github.com/,200,200,50,1,
2026-07-05T22:28:09.285399+00:00,Google,https://google.com,200,200,191,1,
2026-07-05T22:28:09.504838+00:00,Github,http://github.com/,200,200,219,1,
2026-07-05T23:34:08.599909+00:00,Google,https://google.com,200,200,127,1,
2026-07-05T23:34:08.666425+00:00,Github,http://github.com/,200,200,66,1,
2026-07-06T01:20:57.719397+00:00,Google,https://google.com,200,200,150,1,
2026-07-06T01:20:57.814177+00:00,Github,http://github.com/,200,200,94,1,
2026-07-06T05:47:31.936382+00:00,Google,https://google.com,200,200,192,1,
2026-07-06T05:47:32.205879+00:00,Github,http://github.com/,200,200,269,1,
2026-07-06T09:56:56.012322+00:00,Google,https://google.com,200,200,127,1,
2026-07-06T09:56:56.066278+00:00,Github,http://github.com/,200,200,53,1,
2026-07-06T13:41:17.281301+00:00,Google,https://google.com,200,200,158,1,
2026-07-06T13:41:17.540396+00:00,Github,http://github.com/,200,200,259,1,
2026-07-06T16:43:47.001701+00:00,Google,https://google.com,200,200,255,1,
2026-07-06T16:43:47.104780+00:00,Github,http://github.com/,200,200,103,1,
2026-07-06T18:31:05.952094+00:00,Google,https://google.com,200,200,121,1,
2026-07-06T18:31:06.005023+00:00,Github,http://github.com/,200,200,52,1,
2026-07-06T20:32:40.573571+00:00,Google,https://google.com,200,200,182,1,
2026-07-06T20:32:40.842731+00:00,Github,http://github.com/,200,200,269,1,
2026-07-06T22:02:00.140132+00:00,Google,https://google.com,200,200,148,1,
2026-07-06T22:02:00.199044+00:00,Github,http://github.com/,200,200,58,1,
2026-07-06T23:21:22.519246+00:00,Google,https://google.com,200,200,138,1,
2026-07-06T23:21:22.617962+00:00,Github,http://github.com/,200,200,98,1,
2026-07-07T01:13:27.145132+00:00,Google,https://google.com,200,200,155,1,
2026-07-07T01:13:27.418437+00:00,Github,http://github.com/,200,200,273,1,
2026-07-07T05:06:35.796015+00:00,Google,https://google.com,200,200,151,1,
2026-07-07T05:06:36.063565+00:00,Github,http://github.com/,200,200,267,1,
2026-07-07T08:38:09.645794+00:00,Google,https://google.com,200,200,175,1,
2026-07-07T08:38:09.892621+00:00,Github,http://github.com/,200,200,246,1,
2026-07-07T11:28:39.889452+00:00,Google,https://google.com,200,200,192,1,
2026-07-07T11:28:40.112987+00:00,Github,http://github.com/,200,200,223,1,
2026-07-07T13:33:36.860687+00:00,Google,https://google.com,200,200,141,1,
2026-07-07T13:33:36.938691+00:00,Github,http://github.com/,200,200,77,1,
2026-07-07T16:09:35.722413+00:00,Google,https://google.com,200,200,160,1,
2026-07-07T16:09:36.031472+00:00,Github,http://github.com/,200,200,309,1,
2026-07-07T18:17:11.104529+00:00,Google,https://google.com,200,200,176,1,
2026-07-07T18:17:11.201546+00:00,Github,http://github.com/,200,200,96,1,
2026-07-07T20:21:15.666704+00:00,Google,https://google.com,200,200,159,1,
2026-07-07T20:21:15.912938+00:00,Github,http://github.com/,200,200,246,1,
2026-07-07T21:49:41.515438+00:00,Google,https://google.com,200,200,153,1,
2026-07-07T21:49:41.760497+00:00,Github,http://github.com/,200,200,245,1,
2026-07-07T22:51:54.687061+00:00,Google,https://google.com,200,200,139,1,
2026-07-07T22:51:54.744884+00:00,Github,http://github.com/,200,200,57,1,
2026-07-07T23:48:49.009236+00:00,Google,https://google.com,200,200,200,1,
2026-07-07T23:48:49.269096+00:00,Github,http://github.com/,200,200,259,1,
2026-07-08T01:50:45.684968+00:00,Google,https://google.com,200,200,118,1,
2026-07-08T01:50:45.745999+00:00,Github,http://github.com/,200,200,60,1,
2026-07-08T05:12:31.150565+00:00,Google,https://google.com,200,200,154,1,
2026-07-08T05:12:31.373037+00:00,Github,http://github.com/,200,200,222,1,
2026-07-08T07:40:47.757137+00:00,Google,https://google.com,200,200,177,1,
2026-07-08T07:40:47.852778+00:00,Github,http://github.com/,200,200,95,1,
2026-07-08T09:58:26.870442+00:00,Google,https://google.com,200,200,161,1,
2026-07-08T09:58:26.930362+00:00,Github,http://github.com/,200,200,59,1,
2026-07-08T11:46:14.613547+00:00,Google,https://google.com,200,200,173,1,
2026-07-08T11:46:14.831306+00:00,Github,http://github.com/,200,200,217,1,
2026-07-08T13:42:19.746698+00:00,Google,https://google.com,200,200,143,1,
2026-07-08T13:42:19.846564+00:00,Github,http://github.com/,200,200,99,1,
2026-07-08T15:53:11.103081+00:00,Google,https://google.com,200,200,192,1,
2026-07-08T15:53:11.354613+00:00,Github,http://github.com/,200,200,251,1,
2026-07-08T17:20:02.030961+00:00,Google,https://google.com,200,200,229,1,
2026-07-08T17:20:02.750080+00:00,Github,http://github.com/,200,200,719,1,
2026-07-08T18:52:26.324894+00:00,Google,https://google.com,200,200,156,1,
2026-07-08T18:52:26.548305+00:00,Github,http://github.com/,200,200,223,1,
2026-07-08T20:15:58.255380+00:00,Google,https://google.com,200,200,165,1,
2026-07-08T20:15:58.939800+00:00,Github,http://github.com/,200,200,684,1,
2026-07-08T21:37:07.991878+00:00,Google,https://google.com,200,200,201,1,
2026-07-08T21:37:08.211429+00:00,Github,http://github.com/,200,200,219,1,
2026-07-08T22:41:13.084242+00:00,Google,https://google.com,200,200,194,1,
2026-07-08T22:41:13.305671+00:00,Github,http://github.com/,200,200,221,1,
2026-07-08T23:43:29.693165+00:00,Google,https://google.com,200,200,153,1,
2026-07-08T23:43:29.944112+00:00,Github,http://github.com/,200,200,250,1,
2026-07-09T01:15:28.319822+00:00,Google,https://google.com,200,200,247,1,
2026-07-09T01:15:28.948611+00:00,Github,http://github.com/,200,200,628,1,
2026-07-09T05:34:25.341062+00:00,Google,https://google.com,200,200,270,1,
2026-07-09T05:34:25.567457+00:00,Github,http://github.com/,200,200,226,1,
2026-07-09T09:01:16.908432+00:00,Google,https://google.com,200,200,179,1,
2026-07-09T09:01:17.122628+00:00,Github,http://github.com/,200,200,214,1,
2026-07-09T11:45:48.078987+00:00,Google,https://google.com,200,200,196,1,
2026-07-09T11:45:48.174718+00:00,Github,http://github.com/,200,200,95,1,
2026-07-09T14:32:44.264173+00:00,Google,https://google.com,200,200,200,1,
2026-07-09T14:32:44.929714+00:00,Github,http://github.com/,200,200,665,1,
2026-07-09T17:04:13.263097+00:00,Google,https://google.com,200,200,175,1,
2026-07-09T17:04:13.529897+00:00,Github,http://github.com/,200,200,266,1,
2026-07-09T18:58:48.201752+00:00,Google,https://google.com,200,200,162,1,
2026-07-09T18:58:48.520360+00:00,Github,http://github.com/,200,200,318,1,
2026-07-09T20:46:42.850846+00:00,Google,https://google.com,200,200,172,1,
2026-07-09T20:46:43.588834+00:00,Github,http://github.com/,200,200,737,1,
2026-07-09T22:14:14.208966+00:00,Google,https://google.com,200,200,170,1,
2026-07-09T22:14:14.457247+00:00,Github,http://github.com/,200,200,248,1,
2026-07-09T23:36:40.240939+00:00,Google,https://google.com,200,200,124,1,
2026-07-09T23:36:40.310379+00:00,Github,http://github.com/,200,200,69,1,
2026-07-10T01:14:03.306556+00:00,Google,https://google.com,200,200,162,1,
2026-07-10T01:14:03.667071+00:00,Github,http://github.com/,200,200,360,1,
2026-07-10T05:08:06.868902+00:00,Google,https://google.com,200,200,269,1,
2026-07-10T05:08:07.310686+00:00,Github,http://github.com/,200,200,441,1,
2026-07-10T08:37:14.608276+00:00,Google,https://google.com,200,200,150,1,
2026-07-10T08:37:14.690628+00:00,Github,http://github.com/,200,200,82,1,
2026-07-10T11:31:32.201383+00:00,Google,https://google.com,200,200,149,1,
2026-07-10T11:31:32.301367+00:00,Github,http://github.com/,200,200,99,1,
2026-07-10T13:33:12.670956+00:00,Google,https://google.com,200,200,113,1,
2026-07-10T13:33:12.739791+00:00,Github,http://github.com/,200,200,68,1,
2026-07-10T16:03:36.330453+00:00,Google,https://google.com,200,200,164,1,
2026-07-10T16:03:36.578009+00:00,Github,http://github.com/,200,200,247,1,
2026-07-10T17:59:03.950333+00:00,Google,https://google.com,200,200,165,1,
2026-07-10T17:59:04.580676+00:00,Github,http://github.com/,200,200,630,1,
2026-07-10T19:35:22.750021+00:00,Google,https://google.com,200,200,290,1,
2026-07-10T19:35:23.173079+00:00,Github,http://github.com/,200,200,423,1,
2026-07-10T20:51:32.536776+00:00,Google,https://google.com,200,200,171,1,
2026-07-10T20:51:33.240920+00:00,Github,http://github.com/,200,200,704,1,
2026-07-10T21:52:12.808551+00:00,Google,https://google.com,200,200,179,1,
2026-07-10T21:52:13.558606+00:00,Github,http://github.com/,200,200,750,1,
2026-07-10T22:51:45.867029+00:00,Google,https://google.com,200,200,158,1,
2026-07-10T22:51:46.574200+00:00,Github,http://github.com/,200,200,707,1,
2026-07-10T23:50:19.484144+00:00,Google,https://google.com,200,200,156,1,
2026-07-10T23:50:19.734419+00:00,Github,http://github.com/,200,200,250,1,
2026-07-11T01:49:14.635348+00:00,Google,https://google.com,200,200,150,1,
2026-07-11T01:49:14.694108+00:00,Github,http://github.com/,200,200,58,1,
2026-07-11T04:55:43.305326+00:00,Google,https://google.com,200,200,144,1,
2026-07-11T04:55:43.407099+00:00,Github,http://github.com/,200,200,101,1,
2026-07-11T07:07:10.821046+00:00,Google,https://google.com,200,200,217,1,
2026-07-11T07:07:11.040957+00:00,Github,http://github.com/,200,200,219,1,
2026-07-11T08:57:36.141804+00:00,Google,https://google.com,200,200,115,1,
2026-07-11T08:57:36.203493+00:00,Github,http://github.com/,200,200,61,1,
2026-07-11T10:12:48.427622+00:00,Google,https://google.com,200,200,179,1,
2026-07-11T10:12:48.998025+00:00,Github,http://github.com/,200,200,570,1,
2026-07-11T11:18:02.676055+00:00,Google,https://google.com,200,200,155,1,
2026-07-11T11:18:02.918946+00:00,Github,http://github.com/,200,200,242,1,
2026-07-11T12:10:44.529401+00:00,Google,https://google.com,200,200,133,1,
2026-07-11T12:10:44.605220+00:00,Github,http://github.com/,200,200,75,1,
2026-07-11T13:50:51.968900+00:00,Google,https://google.com,200,200,238,1,
2026-07-11T13:50:52.387386+00:00,Github,http://github.com/,200,200,418,1,
2026-07-11T14:43:52.658683+00:00,Google,https://google.com,200,200,148,1,
2026-07-11T14:43:52.910801+00:00,Github,http://github.com/,200,200,252,1,
2026-07-11T15:36:50.299021+00:00,Google,https://google.com,200,200,173,1,
2026-07-11T15:36:50.964640+00:00,Github,http://github.com/,200,200,665,1,
2026-07-11T16:31:49.629198+00:00,Google,https://google.com,200,200,179,1,
2026-07-11T16:31:49.725198+00:00,Github,http://github.com/,200,200,95,1,
2026-07-11T17:39:09.074837+00:00,Google,https://google.com,200,200,119,1,
2026-07-11T17:39:09.123232+00:00,Github,http://github.com/,200,200,48,1,
2026-07-11T18:33:04.686526+00:00,Google,https://google.com,200,200,115,1,
2026-07-11T18:33:04.744770+00:00,Github,http://github.com/,200,200,58,1,
2026-07-11T19:49:56.772630+00:00,Google,https://google.com,200,200,143,1,
2026-07-11T19:49:56.863906+00:00,Github,http://github.com/,200,200,91,1,
2026-07-11T20:38:33.497092+00:00,Google,https://google.com,200,200,143,1,
2026-07-11T20:38:33.576353+00:00,Github,http://github.com/,200,200,79,1,
2026-07-11T21:31:33.301725+00:00,Google,https://google.com,200,200,173,1,
2026-07-11T21:31:33.565998+00:00,Github,http://github.com/,200,200,264,1,
2026-07-11T22:29:13.047920+00:00,Google,https://google.com,200,200,229,1,
2026-07-11T22:29:13.807093+00:00,Github,http://github.com/,200,200,759,1,
2026-07-11T23:27:45.464418+00:00,Google,https://google.com,200,200,110,1,
2026-07-11T23:27:45.540021+00:00,Github,http://github.com/,200,200,75,1,
2026-07-12T01:03:21.506323+00:00,Google,https://google.com,200,200,168,1,
2026-07-12T01:03:21.789537+00:00,Github,http://github.com/,200,200,283,1,
2026-07-12T04:35:35.408794+00:00,Google,https://google.com,200,200,175,1,
2026-07-12T04:35:35.505906+00:00,Github,http://github.com/,200,200,97,1,
2026-07-12T07:13:44.329389+00:00,Google,https://google.com,200,200,168,1,
2026-07-12T07:13:44.594812+00:00,Github,http://github.com/,200,200,265,1,
2026-07-12T09:16:28.843926+00:00,Google,https://google.com,200,200,108,1,
2026-07-12T09:16:28.896717+00:00,Github,http://github.com/,200,200,52,1,
2026-07-12T10:50:18.556200+00:00,Google,https://google.com,200,200,169,1,
2026-07-12T10:50:18.838711+00:00,Github,http://github.com/,200,200,282,1,
2026-07-12T11:52:40.873119+00:00,Google,https://google.com,200,200,405,1,
2026-07-12T11:52:41.219586+00:00,Github,http://github.com/,200,200,346,1,
2026-07-12T12:58:05.197802+00:00,Google,https://google.com,200,200,139,1,
2026-07-12T12:58:05.247846+00:00,Github,http://github.com/,200,200,49,1,
2026-07-12T14:26:48.189642+00:00,Google,https://google.com,200,200,155,1,
2026-07-12T14:26:48.288328+00:00,Github,http://github.com/,200,200,98,1,
2026-07-12T15:31:56.574464+00:00,Google,https://google.com,200,200,156,1,
2026-07-12T15:31:56.816042+00:00,Github,http://github.com/,200,200,241,1,
2026-07-12T16:32:58.821755+00:00,Google,https://google.com,200,200,150,1,
2026-07-12T16:32:59.109406+00:00,Github,http://github.com/,200,200,287,1,
2026-07-12T17:40:23.124931+00:00,Google,https://google.com,200,200,298,1,
2026-07-12T17:40:23.447067+00:00,Github,http://github.com/,200,200,322,1,
2026-07-12T18:34:46.160820+00:00,Google,https://google.com,200,200,191,1,
2026-07-12T18:34:46.425144+00:00,Github,http://github.com/,200,200,264,1,
2026-07-12T19:47:55.038270+00:00,Google,https://google.com,200,200,239,1,
2026-07-12T19:47:55.379778+00:00,Github,http://github.com/,200,200,341,1,
2026-07-12T20:35:33.823198+00:00,Google,https://google.com,200,200,329,1,
2026-07-12T20:35:34.104135+00:00,Github,http://github.com/,200,200,280,1,
2026-07-12T21:32:01.405045+00:00,Google,https://google.com,200,200,115,1,
2026-07-12T21:32:01.477438+00:00,Github,http://github.com/,200,200,72,1,
2026-07-12T22:28:46.002007+00:00,Google,https://google.com,200,200,254,1,
2026-07-12T22:28:46.596455+00:00,Github,http://github.com/,200,200,594,1,
2026-07-12T23:26:26.337092+00:00,Google,https://google.com,200,200,154,1,
2026-07-12T23:26:26.430261+00:00,Github,http://github.com/,200,200,93,1,
2026-07-13T01:02:30.738338+00:00,Google,https://google.com,200,200,131,1,
2026-07-13T01:02:30.789859+00:00,Github,http://github.com/,200,200,51,1,
2026-07-13T04:43:24.123551+00:00,Google,https://google.com,200,200,155,1,
2026-07-13T04:43:24.221781+00:00,Github,http://github.com/,200,200,98,1,
2026-07-13T07:53:38.059383+00:00,Google,https://google.com,200,200,159,1,
2026-07-13T07:53:38.751378+00:00,Github,http://github.com/,200,200,691,1,
2026-07-13T10:50:25.120109+00:00,Google,https://google.com,200,200,156,1,
2026-07-13T10:50:25.370461+00:00,Github,http://github.com/,200,200,250,1,
2026-07-13T13:12:12.946831+00:00,Google,https://google.com,200,200,201,1,
2026-07-13T13:12:13.647957+00:00,Github,http://github.com/,200,200,701,1,
2026-07-13T15:50:41.306540+00:00,Google,https://google.com,200,200,183,1,
2026-07-13T15:50:41.403748+00:00,Github,http://github.com/,200,200,97,1,
2026-07-13T17:48:20.826788+00:00,Google,https://google.com,200,200,163,1,
2026-07-13T17:48:21.591600+00:00,Github,http://github.com/,200,200,764,1,
2026-07-13T19:13:03.844578+00:00,Google,https://google.com,200,200,354,1,
2026-07-13T19:13:04.219122+00:00,Github,http://github.com/,200,200,374,1,
2026-07-13T20:33:56.330116+00:00,Google,https://google.com,200,200,124,1,
2026-07-13T20:33:56.386674+00:00,Github,http://github.com/,200,200,56,1,
2026-07-13T21:33:16.053677+00:00,Google,https://google.com,200,200,261,1,
2026-07-13T21:33:16.360753+00:00,Github,http://github.com/,200,200,307,1,
2026-07-13T22:34:45.999159+00:00,Google,https://google.com,200,200,128,1,
2026-07-13T22:34:46.055885+00:00,Github,http://github.com/,200,200,56,1,
2026-07-13T23:32:16.716729+00:00,Google,https://google.com,200,200,119,1,
2026-07-13T23:32:16.766298+00:00,Github,http://github.com/,200,200,49,1,
2026-07-14T01:01:50.635097+00:00,Google,https://google.com,200,200,192,1,
2026-07-14T01:01:50.900634+00:00,Github,http://github.com/,200,200,265,1,
2026-07-14T04:15:11.652389+00:00,Google,https://google.com,200,200,157,1,
2026-07-14T04:15:11.902171+00:00,Github,http://github.com/,200,200,249,1,
2026-07-14T06:32:12.397749+00:00,Google,https://google.com,200,200,154,1,
2026-07-14T06:32:12.476126+00:00,Github,http://github.com/,200,200,78,1,
2026-07-14T08:52:52.917102+00:00,Google,https://google.com,200,200,107,1,
2026-07-14T08:52:53.002810+00:00,Github,http://github.com/,200,200,85,1,
2026-07-14T10:29:26.616442+00:00,Google,https://google.com,200,200,152,1,
2026-07-14T10:29:26.845252+00:00,Github,http://github.com/,200,200,228,1,
2026-07-14T11:54:36.620447+00:00,Google,https://google.com,200,200,124,1,
2026-07-14T11:54:36.675931+00:00,Github,http://github.com/,200,200,55,1,
2026-07-14T13:10:44.376109+00:00,Google,https://google.com,200,200,166,1,
2026-07-14T13:10:44.609161+00:00,Github,http://github.com/,200,200,232,1,
2026-07-14T15:01:38.612620+00:00,Google,https://google.com,200,200,270,1,
2026-07-14T15:01:38.937511+00:00,Github,http://github.com/,200,200,324,1,
2026-07-14T16:36:36.069174+00:00,Google,https://google.com,200,200,184,1,
2026-07-14T16:36:36.823207+00:00,Github,http://github.com/,200,200,753,1,
2026-07-14T17:45:46.892977+00:00,Google,https://google.com,200,200,198,1,
2026-07-14T17:45:47.187890+00:00,Github,http://github.com/,200,200,294,1,
2026-07-14T19:03:48.421720+00:00,Google,https://google.com,200,200,209,1,
2026-07-14T19:03:48.681769+00:00,Github,http://github.com/,200,200,260,1,
2026-07-14T20:20:51.254444+00:00,Google,https://google.com,200,200,231,1,
2026-07-14T20:20:51.871020+00:00,Github,http://github.com/,200,200,616,1,
2026-07-14T21:28:14.274833+00:00,Google,https://google.com,200,200,163,1,
2026-07-14T21:28:14.372340+00:00,Github,http://github.com/,200,200,97,1,
2026-07-14T22:29:49.815965+00:00,Google,https://google.com,200,200,152,1,
2026-07-14T22:29:49.864986+00:00,Github,http://github.com/,200,200,48,1,
2026-07-14T23:25:59.901767+00:00,Google,https://google.com,200,200,263,1,
2026-07-14T23:26:00.224772+00:00,Github,http://github.com/,200,200,322,1,
2026-07-15T00:11:58.277458+00:00,Google,https://google.com,200,200,190,1,
2026-07-15T00:11:58.527853+00:00,Github,http://github.com/,200,200,250,1,
2026-07-15T03:31:38.025026+00:00,Google,https://google.com,200,200,157,1,
2026-07-15T03:31:38.271858+00:00,Github,http://github.com/,200,200,246,1,
2026-07-15T05:57:36.596670+00:00,Google,https://google.com,200,200,135,1,
2026-07-15T05:57:36.658313+00:00,Github,http://github.com/,200,200,61,1,
2026-07-15T08:05:16.439047+00:00,Google,https://google.com,200,200,153,1,
2026-07-15T08:05:16.685414+00:00,Github,http://github.com/,200,200,246,1,
2026-07-15T10:14:21.031398+00:00,Google,https://google.com,200,200,179,1,
2026-07-15T10:14:21.076118+00:00,Github,http://github.com/,200,200,44,1,
2026-07-15T11:48:57.485812+00:00,Google,https://google.com,200,200,155,1,
2026-07-15T11:48:57.752392+00:00,Github,http://github.com/,200,200,266,1,
2026-07-15T13:14:42.979812+00:00,Google,https://google.com,200,200,143,1,
2026-07-15T13:14:43.075011+00:00,Github,http://github.com/,200,200,95,1,
2026-07-15T15:01:33.887367+00:00,Google,https://google.com,200,200,159,1,
2026-07-15T15:01:34.518619+00:00,Github,http://github.com/,200,200,631,1,
2026-07-15T16:42:51.247579+00:00,Google,https://google.com,200,200,287,1,
2026-07-15T16:42:51.670562+00:00,Github,http://github.com/,200,200,422,1,
2026-07-15T17:53:23.890460+00:00,Google,https://google.com,200,200,157,1,
2026-07-15T17:53:24.141827+00:00,Github,http://github.com/,200,200,251,1,
2026-07-15T18:56:08.118511+00:00,Google,https://google.com,200,200,116,1,
2026-07-15T18:56:08.175451+00:00,Github,http://github.com/,200,200,56,1,
2026-07-15T20:03:35.523160+00:00,Google,https://google.com,200,200,337,1,
2026-07-15T20:03:35.765329+00:00,Github,http://github.com/,200,200,242,1,
2026-07-15T21:13:09.689542+00:00,Google,https://google.com,200,200,238,1,
2026-07-15T21:13:10.292286+00:00,Github,http://github.com/,200,200,602,1,
2026-07-15T22:12:05.625587+00:00,Google,https://google.com,200,200,114,1,
2026-07-15T22:12:05.694851+00:00,Github,http://github.com/,200,200,69,1,
2026-07-15T23:11:09.899031+00:00,Google,https://google.com,200,200,155,1,
2026-07-15T23:11:10.125549+00:00,Github,http://github.com/,200,200,226,1,
2026-07-16T00:08:15.575623+00:00,Google,https://google.com,200,200,148,1,
2026-07-16T00:08:16.363462+00:00,Github,http://github.com/,200,200,787,1,
2026-07-16T03:33:15.382486+00:00,Google,https://google.com,200,200,164,1,
2026-07-16T03:33:15.480016+00:00,Github,http://github.com/,200,200,97,1,
2026-07-16T06:02:47.999201+00:00,Google,https://google.com,200,200,107,1,
2026-07-16T06:02:48.048864+00:00,Github,http://github.com/,200,200,49,1,
2026-07-16T08:30:44.326698+00:00,Google,https://google.com,200,200,293,1,
2026-07-16T08:30:44.629616+00:00,Github,http://github.com/,200,200,302,1,
2026-07-16T10:33:12.761612+00:00,Google,https://google.com,200,200,303,1,
2026-07-16T10:33:13.065410+00:00,Github,http://github.com/,200,200,303,1,
2026-07-16T12:07:30.204787+00:00,Google,https://google.com,200,200,144,1,
2026-07-16T12:07:30.249316+00:00,Github,http://github.com/,200,200,44,1,
2026-07-16T14:18:22.716572+00:00,Google,https://google.com,200,200,155,1,
2026-07-16T14:18:23.002968+00:00,Github,http://github.com/,200,200,286,1,
2026-07-16T15:52:39.055698+00:00,Google,https://google.com,200,200,164,1,
2026-07-16T15:52:39.330219+00:00,Github,http://github.com/,200,200,274,1,
2026-07-16T17:03:57.277390+00:00,Google,https://google.com,200,200,203,1,
2026-07-16T17:03:57.375358+00:00,Github,http://github.com/,200,200,97,1,
2026-07-16T18:17:42.375725+00:00,Google,https://google.com,200,200,226,1,
2026-07-16T18:17:42.471097+00:00,Github,http://github.com/,200,200,95,1,
2026-07-16T19:38:23.860072+00:00,Google,https://google.com,200,200,164,1,
2026-07-16T19:38:24.098229+00:00,Github,http://github.com/,200,200,238,1,
2026-07-16T20:33:03.355030+00:00,Google,https://google.com,200,200,150,1,
2026-07-16T20:33:03.605834+00:00,Github,http://github.com/,200,200,250,1,
2026-07-16T21:43:06.677170+00:00,Google,https://google.com,200,200,178,1,
2026-07-16T21:43:07.419091+00:00,Github,http://github.com/,200,200,741,1,
2026-07-16T22:37:40.775555+00:00,Google,https://google.com,200,200,177,1,
2026-07-16T22:37:41.028428+00:00,Github,http://github.com/,200,200,252,1,
2026-07-16T23:35:55.055952+00:00,Google,https://google.com,200,200,164,1,
2026-07-16T23:35:55.323787+00:00,Github,http://github.com/,200,200,267,1,
2026-07-17T01:10:02.385850+00:00,Google,https://google.com,200,200,173,1,
2026-07-17T01:10:02.648748+00:00,Github,http://github.com/,200,200,262,1,
2026-07-17T04:21:47.149764+00:00,Google,https://google.com,200,200,238,1,
2026-07-17T04:21:47.236350+00:00,Github,http://github.com/,200,200,86,1,
2026-07-17T06:34:00.658501+00:00,Google,https://google.com,200,200,149,1,
2026-07-17T06:34:00.885311+00:00,Github,http://github.com/,200,200,226,1,
2026-07-17T08:54:26.698666+00:00,Google,https://google.com,200,200,168,1,
2026-07-17T08:54:26.962734+00:00,Github,http://github.com/,200,200,264,1,
2026-07-17T10:38:33.684471+00:00,Google,https://google.com,200,200,146,1,
2026-07-17T10:38:33.782114+00:00,Github,http://github.com/,200,200,97,1,
2026-07-17T11:56:08.529492+00:00,Google,https://google.com,200,200,154,1,
2026-07-17T11:56:08.797373+00:00,Github,http://github.com/,200,200,267,1,
2026-07-17T13:13:57.856016+00:00,Google,https://google.com,200,200,144,1,
2026-07-17T13:13:57.907215+00:00,Github,http://github.com/,200,200,51,1,
2026-07-17T14:52:57.243577+00:00,Google,https://google.com,200,200,170,1,
2026-07-17T14:52:57.509130+00:00,Github,http://github.com/,200,200,265,1,
2026-07-17T16:07:53.567832+00:00,Google,https://google.com,200,200,109,1,
2026-07-17T16:07:53.616587+00:00,Github,http://github.com/,200,200,48,1,
2026-07-17T17:22:00.903422+00:00,Google,https://google.com,200,200,113,1,
2026-07-17T17:22:00.963169+00:00,Github,http://github.com/,200,200,59,1,
2026-07-17T18:31:23.891013+00:00,Google,https://google.com,200,200,156,1,
2026-07-17T18:31:24.187948+00:00,Github,http://github.com/,200,200,296,1,
2026-07-17T19:44:29.839880+00:00,Google,https://google.com,200,200,172,1,
2026-07-17T19:44:30.164906+00:00,Github,http://github.com/,200,200,324,1,
2026-07-17T20:34:13.697532+00:00,Google,https://google.com,200,200,187,1,
2026-07-17T20:34:13.943925+00:00,Github,http://github.com/,200,200,246,1,
2026-07-17T21:30:01.134514+00:00,Google,https://google.com,200,200,186,1,
2026-07-17T21:30:01.377352+00:00,Github,http://github.com/,200,200,242,1,
2026-07-17T22:23:19.418483+00:00,Google,https://google.com,200,200,123,1,
2026-07-17T22:23:19.495818+00:00,Github,http://github.com/,200,200,77,1,
2026-07-17T23:13:41.715892+00:00,Google,https://google.com,200,200,166,1,
2026-07-17T23:13:41.812986+00:00,Github,http://github.com/,200,200,97,1,
2026-07-18T00:09:27.425193+00:00,Google,https://google.com,200,200,254,1,
2026-07-18T00:09:27.761864+00:00,Github,http://github.com/,200,200,336,1,
2026-07-18T03:28:07.799584+00:00,Google,https://google.com,200,200,174,1,
2026-07-18T03:28:08.070407+00:00,Github,http://github.com/,200,200,270,1,
2026-07-18T05:42:12.997294+00:00,Google,https://google.com,200,200,170,1,
2026-07-18T05:42:13.737574+00:00,Github,http://github.com/,200,200,740,1,
2026-07-18T07:18:07.202421+00:00,Google,https://google.com,200,200,241,1,
2026-07-18T07:18:07.791986+00:00,Github,http://github.com/,200,200,589,1,
2026-07-18T09:07:07.440884+00:00,Google,https://google.com,200,200,165,1,
2026-07-18T09:07:07.491553+00:00,Github,http://github.com/,200,200,50,1,
2026-07-18T10:38:38.645066+00:00,Google,https://google.com,200,200,295,1,
2026-07-18T10:38:38.957317+00:00,Github,http://github.com/,200,200,312,1,
2026-07-18T11:35:00.952496+00:00,Google,https://google.com,200,200,206,1,
2026-07-18T11:35:01.629519+00:00,Github,http://github.com/,200,200,676,1,
2026-07-18T12:36:19.570935+00:00,Google,https://google.com,200,200,155,1,
2026-07-18T12:36:19.825797+00:00,Github,http://github.com/,200,200,254,1,
2026-07-18T14:06:21.285959+00:00,Google,https://google.com,200,200,162,1,
2026-07-18T14:06:21.389781+00:00,Github,http://github.com/,200,200,103,1,
2026-07-18T15:11:34.332326+00:00,Google,https://google.com,200,200,186,1,
2026-07-18T15:11:34.597429+00:00,Github,http://github.com/,200,200,265,1,
2026-07-18T16:09:10.473954+00:00,Google,https://google.com,200,200,172,1,
2026-07-18T16:09:10.695023+00:00,Github,http://github.com/,200,200,221,1,
2026-07-18T17:11:45.500064+00:00,Google,https://google.com,200,200,160,1,
2026-07-18T17:11:45.725589+00:00,Github,http://github.com/,200,200,225,1,
2026-07-18T18:06:10.428392+00:00,Google,https://google.com,200,200,205,1,
2026-07-18T18:06:10.722276+00:00,Github,http://github.com/,200,200,293,1,
2026-07-18T19:21:39.521146+00:00,Google,https://google.com,200,200,184,1,
2026-07-18T19:21:39.736986+00:00,Github,http://github.com/,200,200,215,1,
2026-07-18T20:10:47.646910+00:00,Google,https://google.com,200,200,297,1,
2026-07-18T20:10:48.058789+00:00,Github,http://github.com/,200,200,411,1,
2026-07-18T21:03:57.386479+00:00,Google,https://google.com,200,200,197,1,
2026-07-18T21:03:57.485518+00:00,Github,http://github.com/,200,200,98,1,
2026-07-18T22:05:01.498753+00:00,Google,https://google.com,200,200,197,1,
2026-07-18T22:05:02.091085+00:00,Github,http://github.com/,200,200,592,1,
2026-07-18T23:07:07.274623+00:00,Google,https://google.com,200,200,205,1,
2026-07-18T23:07:07.929477+00:00,Github,http://github.com/,200,200,654,1,
2026-07-19T00:06:40.335793+00:00,Google,https://google.com,200,200,168,1,
2026-07-19T00:06:40.551042+00:00,Github,http://github.com/,200,200,215,1,
2026-07-19T03:49:21.761195+00:00,Google,https://google.com,200,200,140,1,
2026-07-19T03:49:21.814447+00:00,Github,http://github.com/,200,200,53,1,
2026-07-19T06:23:10.836219+00:00,Google,https://google.com,200,200,151,1,
2026-07-19T06:23:11.553641+00:00,Github,http://github.com/,200,200,717,1,
2026-07-19T08:40:22.427529+00:00,Google,https://google.com,200,200,138,1,
2026-07-19T08:40:22.489441+00:00,Github,http://github.com/,200,200,61,1,
2026-07-19T10:13:10.721685+00:00,Google,https://google.com,200,200,152,1,
2026-07-19T10:13:10.975881+00:00,Github,http://github.com/,200,200,254,1,
2026-07-19T11:28:50.305392+00:00,Google,https://google.com,200,200,240,1,
2026-07-19T11:28:50.643415+00:00,Github,http://github.com/,200,200,337,1,
2026-07-19T12:12:18.434215+00:00,Google,https://google.com,200,200,116,1,
2026-07-19T12:12:18.482038+00:00,Github,http://github.com/,200,200,47,1,
2026-07-19T13:52:16.435283+00:00,Google,https://google.com,200,200,180,1,
2026-07-19T13:52:16.682748+00:00,Github,http://github.com/,200,200,247,1,
2026-07-19T14:47:11.228454+00:00,Google,https://google.com,200,200,202,1,
2026-07-19T14:47:11.477092+00:00,Github,http://github.com/,200,200,248,1,
2026-07-19T15:48:15.165024+00:00,Google,https://google.com,200,200,176,1,
2026-07-19T15:48:15.852386+00:00,Github,http://github.com/,200,200,687,1,
2026-07-19T16:45:52.707481+00:00,Google,https://google.com,200,200,134,1,
2026-07-19T16:45:52.758733+00:00,Github,http://github.com/,200,200,51,1,
2026-07-19T17:50:31.896069+00:00,Google,https://google.com,200,200,182,1,
2026-07-19T17:50:31.982909+00:00,Github,http://github.com/,200,200,86,1,
2026-07-19T18:52:23.899713+00:00,Google,https://google.com,200,200,120,1,
2026-07-19T18:52:23.947203+00:00,Github,http://github.com/,200,200,47,1,
2026-07-19T20:02:58.929470+00:00,Google,https://google.com,200,200,147,1,
2026-07-19T20:02:59.511244+00:00,Github,http://github.com/,200,200,581,1,
2026-07-19T21:04:51.281747+00:00,Google,https://google.com,200,200,150,1,
2026-07-19T21:04:51.529321+00:00,Github,http://github.com/,200,200,247,1,
2026-07-19T22:07:09.355807+00:00,Google,https://google.com,200,200,146,1,
2026-07-19T22:07:09.411153+00:00,Github,http://github.com/,200,200,55,1,
2026-07-19T23:07:53.457898+00:00,Google,https://google.com,200,200,154,1,
2026-07-19T23:07:53.718683+00:00,Github,http://github.com/,200,200,260,1,
2026-07-20T02:57:19.845721+00:00,Google,https://google.com,200,200,152,1,
2026-07-20T02:57:20.132964+00:00,Github,http://github.com/,200,200,287,1,
2026-07-20T04:00:23.940772+00:00,Google,https://google.com,200,200,157,1,
2026-07-20T04:00:24.233007+00:00,Github,http://github.com/,200,200,292,1,
2026-07-20T07:25:27.335170+00:00,Google,https://google.com,200,200,227,1,
2026-07-20T07:25:27.427427+00:00,Github,http://github.com/,200,200,92,1,
2026-07-20T10:23:09.952281+00:00,Google,https://google.com,200,200,156,1,
2026-07-20T10:23:10.036566+00:00,Github,http://github.com/,200,200,84,1,
2026-07-20T12:28:56.521491+00:00,Google,https://google.com,200,200,182,1,
2026-07-20T12:28:56.617364+00:00,Github,http://github.com/,200,200,95,1,
2026-07-20T14:38:18.037810+00:00,Google,https://google.com,200,200,143,1,
2026-07-20T14:38:18.672493+00:00,Github,http://github.com/,200,200,634,1,
2026-07-20T16:12:26.593467+00:00,Google,https://google.com,200,200,175,1,
2026-07-20T16:12:26.681092+00:00,Github,http://github.com/,200,200,87,1,
2026-07-20T18:18:05.565040+00:00,Google,https://google.com,200,200,144,1,
2026-07-20T18:18:05.657523+00:00,Github,http://github.com/,200,200,92,1,
2026-07-20T20:02:39.964058+00:00,Google,https://google.com,200,200,175,1,
2026-07-20T20:02:40.167802+00:00,Github,http://github.com/,200,200,203,1,
2026-07-20T21:21:41.383156+00:00,Google,https://google.com,200,200,287,1,
2026-07-20T21:21:42.049488+00:00,Github,http://github.com/,200,200,666,1,
2026-07-20T22:28:28.826593+00:00,Google,https://google.com,200,200,207,1,
2026-07-20T22:28:29.467479+00:00,Github,http://github.com/,200,200,640,1,
2026-07-20T23:30:29.304354+00:00,Google,https://google.com,200,200,167,1,
2026-07-20T23:30:29.555277+00:00,Github,http://github.com/,200,200,250,1,
2026-07-21T01:05:22.170550+00:00,Google,https://google.com,200,200,150,1,
2026-07-21T01:05:22.217048+00:00,Github,http://github.com/,200,200,46,1,
2026-07-21T04:28:38.722624+00:00,Google,https://google.com,200,200,141,1,
2026-07-21T04:28:38.784161+00:00,Github,http://github.com/,200,200,61,1,
2026-07-21T07:07:28.049400+00:00,Google,https://google.com,200,200,116,1,
2026-07-21T07:07:28.097207+00:00,Github,http://github.com/,200,200,47,1,
2026-07-21T09:36:43.710153+00:00,Google,https://google.com,200,200,191,1,
2026-07-21T09:36:43.762688+00:00,Github,http://github.com/,200,200,52,1,
2026-07-21T11:27:29.753023+00:00,Google,https://google.com,200,200,143,1,
2026-07-21T11:27:29.817999+00:00,Github,http://github.com/,200,200,64,1,
2026-07-21T12:51:38.379732+00:00,Google,https://google.com,200,200,248,1,
2026-07-21T12:51:38.681748+00:00,Github,http://github.com/,200,200,301,1,
2026-07-21T14:56:24.794618+00:00,Google,https://google.com,200,200,138,1,
2026-07-21T14:56:24.855033+00:00,Github,http://github.com/,200,200,60,1,
2026-07-21T16:18:54.731980+00:00,Google,https://google.com,200,200,134,1,
2026-07-21T16:18:54.795867+00:00,Github,http://github.com/,200,200,63,1,
2026-07-21T17:49:52.459103+00:00,Google,https://google.com,200,200,204,1,
2026-07-21T17:49:52.559601+00:00,Github,http://github.com/,200,200,100,1,
2026-07-21T19:04:33.153841+00:00,Google,https://google.com,200,200,5179,1,
2026-07-21T19:04:33.469320+00:00,Github,http://github.com/,200,200,315,1,
2026-07-21T20:33:45.886903+00:00,Google,https://google.com,200,200,153,1,
2026-07-21T20:33:46.569609+00:00,Github,http://github.com/,200,200,682,1,
2026-07-21T21:43:54.908541+00:00,Google,https://google.com,200,200,306,1,
2026-07-21T21:43:55.210027+00:00,Github,http://github.com/,200,200,301,1,
2026-07-21T22:36:33.690951+00:00,Google,https://google.com,200,200,409,1,
2026-07-21T22:36:33.791557+00:00,Github,http://github.com/,200,200,100,1,
2026-07-21T23:38:37.671774+00:00,Google,https://google.com,200,200,120,1,
2026-07-21T23:38:37.741411+00:00,Github,http://github.com/,200,200,69,1,
2026-07-22T01:04:48.354384+00:00,Google,https://google.com,200,200,144,1,
2026-07-22T01:04:48.971967+00:00,Github,http://github.com/,200,200,617,1,
2026-07-22T04:31:21.534347+00:00,Google,https://google.com,200,200,278,1,
2026-07-22T04:31:21.972338+00:00,Github,http://github.com/,200,200,437,1,
2026-07-22T07:19:10.841036+00:00,Google,https://google.com,200,200,268,1,
2026-07-22T07:19:11.160652+00:00,Github,http://github.com/,200,200,319,1,
2026-07-22T09:54:00.124181+00:00,Google,https://google.com,200,200,158,1,
2026-07-22T09:54:00.206837+00:00,Github,http://github.com/,200,200,82,1,
2026-07-22T11:41:59.424670+00:00,Google,https://google.com,200,200,156,1,
2026-07-22T11:41:59.506151+00:00,Github,http://github.com/,200,200,81,1,
2026-07-22T13:09:01.391989+00:00,Google,https://google.com,200,200,358,1,
2026-07-22T13:09:01.716373+00:00,Github,http://github.com/,200,200,324,1,
2026-07-22T15:15:08.446136+00:00,Google,https://google.com,200,200,192,1,
2026-07-22T15:15:08.746813+00:00,Github,http://github.com/,200,200,300,1,
2026-07-22T16:48:26.600719+00:00,Google,https://google.com,200,200,182,1,
2026-07-22T16:48:26.849872+00:00,Github,http://github.com/,200,200,249,1,
2026-07-22T18:02:13.022434+00:00,Google,https://google.com,200,200,160,1,
2026-07-22T18:02:13.339518+00:00,Github,http://github.com/,200,200,317,1,
2026-07-22T19:40:36.027798+00:00,Google,https://google.com,200,200,189,1,
2026-07-22T19:40:36.312951+00:00,Github,http://github.com/,200,200,285,1,
2026-07-22T20:42:58.170650+00:00,Google,https://google.com,200,200,156,1,
2026-07-22T20:42:58.278356+00:00,Github,http://github.com/,200,200,107,1,
2026-07-22T21:44:07.567045+00:00,Google,https://google.com,200,200,131,1,
2026-07-22T21:44:07.633239+00:00,Github,http://github.com/,200,200,66,1,
2026-07-22T22:41:16.097188+00:00,Google,https://google.com,200,200,167,1,
2026-07-22T22:41:16.778819+00:00,Github,http://github.com/,200,200,681,1,
2026-07-22T23:38:58.752927+00:00,Google,https://google.com,200,200,163,1,
2026-07-22T23:38:58.835465+00:00,Github,http://github.com/,200,200,82,1,
2026-07-23T01:10:21.732056+00:00,Google,https://google.com,200,200,230,1,
2026-07-23T01:10:21.783093+00:00,Github,http://github.com/,200,200,50,1,
2026-07-23T04:30:22.232362+00:00,Google,https://google.com,200,200,138,1,
2026-07-23T04:30:22.278501+00:00,Github,http://github.com/,200,200,46,1,
2026-07-23T07:15:37.923820+00:00,Google,https://google.com,200,200,301,1,
2026-07-23T07:15:38.227271+00:00,Github,http://github.com/,200,200,303,1,
2026-07-23T09:43:43.873891+00:00,Google,https://google.com,200,200,108,1,
2026-07-23T09:43:43.930271+00:00,Github,http://github.com/,200,200,56,1,
2026-07-23T11:32:28.851508+00:00,Google,https://google.com,200,200,173,1,
2026-07-23T11:32:29.203439+00:00,Github,http://github.com/,200,200,351,1,
2026-07-23T13:11:18.833665+00:00,Google,https://google.com,200,200,152,1,
2026-07-23T13:11:19.428357+00:00,Github,http://github.com/,200,200,594,1,
2026-07-23T15:22:42.682446+00:00,Google,https://google.com,200,200,153,1,
2026-07-23T15:22:43.479373+00:00,Github,http://github.com/,200,200,796,1,
2026-07-23T16:53:30.272198+00:00,Google,https://google.com,200,200,125,1,
2026-07-23T16:53:30.340822+00:00,Github,http://github.com/,200,200,68,1,
2026-07-23T18:07:19.102761+00:00,Google,https://google.com,200,200,298,1,
2026-07-23T18:07:19.454627+00:00,Github,http://github.com/,200,200,351,1,
2026-07-23T19:42:49.696594+00:00,Google,https://google.com,200,200,166,1,
2026-07-23T19:42:49.946676+00:00,Github,http://github.com/,200,200,250,1,
2026-07-23T20:42:02.041502+00:00,Google,https://google.com,200,200,166,1,
2026-07-23T20:42:02.108661+00:00,Github,http://github.com/,200,200,67,1,
2026-07-23T21:41:43.851712+00:00,Google,https://google.com,200,200,274,1,
2026-07-23T21:41:44.448649+00:00,Github,http://github.com/,200,200,596,1,
2026-07-23T22:36:59.428762+00:00,Google,https://google.com,200,200,278,1,
2026-07-23T22:36:59.781201+00:00,Github,http://github.com/,200,200,352,1,
2026-07-23T23:35:21.655071+00:00,Google,https://google.com,200,200,296,1,
2026-07-23T23:35:22.280203+00:00,Github,http://github.com/,200,200,625,1,
2026-07-24T01:05:49.807886+00:00,Google,https://google.com,200,200,197,1,
2026-07-24T01:05:50.423848+00:00,Github,http://github.com/,200,200,615,1,
2026-07-24T04:29:26.520444+00:00,Google,https://google.com,200,200,182,1,
2026-07-24T04:29:26.787781+00:00,Github,http://github.com/,200,200,267,1,
2026-07-24T07:08:08.164122+00:00,Google,https://google.com,200,200,162,1,
2026-07-24T07:08:08.257866+00:00,Github,http://github.com/,200,200,93,1,
2026-07-24T09:31:04.746765+00:00,Google,https://google.com,200,200,164,1,
2026-07-24T09:31:05.419672+00:00,Github,http://github.com/,200,200,672,1,
2026-07-24T11:22:03.272439+00:00,Google,https://google.com,200,200,141,1,
2026-07-24T11:22:03.516232+00:00,Github,http://github.com/,200,200,243,1,
2026-07-24T12:52:29.597401+00:00,Google,https://google.com,200,200,173,1,
2026-07-24T12:52:30.315097+00:00,Github,http://github.com/,200,200,717,1,
2026-07-24T14:45:22.954792+00:00,Google,https://google.com,200,200,161,1,
2026-07-24T14:45:23.250698+00:00,Github,http://github.com/,200,200,295,1,
2026-07-24T17:56:55.568794+00:00,Google,https://google.com,200,200,184,1,
2026-07-24T17:56:55.814985+00:00,Github,http://github.com/,200,200,246,1,
2026-07-24T19:18:27.303222+00:00,Google,https://google.com,200,200,158,1,
2026-07-24T19:18:27.595552+00:00,Github,http://github.com/,200,200,292,1,
2026-07-24T20:44:03.726565+00:00,Google,https://google.com,200,200,166,1,
2026-07-24T20:44:03.823784+00:00,Github,http://github.com/,200,200,97,1,
2026-07-24T21:45:10.683794+00:00,Google,https://google.com,200,200,162,1,
2026-07-24T21:45:10.935511+00:00,Github,http://github.com/,200,200,251,1,
2026-07-24T22:53:37.666817+00:00,Google,https://google.com,200,200,150,1,
2026-07-24T22:53:37.931179+00:00,Github,http://github.com/,200,200,264,1,
2026-07-24T23:56:15.604803+00:00,Google,https://google.com,200,200,168,1,
2026-07-24T23:56:15.853139+00:00,Github,http://github.com/,200,200,248,1,
2026-07-25T02:05:50.310826+00:00,Google,https://google.com,200,200,175,1,
2026-07-25T02:05:50.554715+00:00,Github,http://github.com/,200,200,243,1,
2026-07-25T05:22:33.096823+00:00,Google,https://google.com,200,200,243,1,
2026-07-25T05:22:33.306906+00:00,Github,http://github.com/,200,200,210,1,
2026-07-25T07:30:35.033913+00:00,Google,https://google.com,200,200,309,1,
2026-07-25T07:30:35.347478+00:00,Github,http://github.com/,200,200,313,1,
2026-07-25T09:20:10.901400+00:00,Google,https://google.com,200,200,162,1,
2026-07-25T09:20:10.975836+00:00,Github,http://github.com/,200,200,74,1,
2026-07-25T10:50:05.386220+00:00,Google,https://google.com,200,200,156,1,
2026-07-25T10:50:05.693448+00:00,Github,http://github.com/,200,200,307,1,
2026-07-25T11:56:30.532793+00:00,Google,https://google.com,200,200,679,1,
2026-07-25T11:56:30.844944+00:00,Github,http://github.com/,200,200,312,1,
2026-07-25T13:11:49.528569+00:00,Google,https://google.com,200,200,192,1,
2026-07-25T13:11:50.355947+00:00,Github,http://github.com/,200,200,827,1,
2026-07-25T14:41:22.071516+00:00,Google,https://google.com,200,200,168,1,
2026-07-25T14:41:22.325146+00:00,Github,http://github.com/,200,200,253,1,
2026-07-25T15:44:53.296244+00:00,Google,https://google.com,200,200,149,1,
2026-07-25T15:44:53.393979+00:00,Github,http://github.com/,200,200,97,1,
2026-07-25T16:36:08.652389+00:00,Google,https://google.com,200,200,157,1,
2026-07-25T16:36:08.903730+00:00,Github,http://github.com/,200,200,251,1,
2026-07-25T17:39:28.183583+00:00,Google,https://google.com,200,200,220,1,
2026-07-25T17:39:28.431639+00:00,Github,http://github.com/,200,200,248,1,
2026-07-25T18:36:52.329515+00:00,Google,https://google.com,200,200,159,1,
2026-07-25T18:36:53.180529+00:00,Github,http://github.com/,200,200,850,1,
2026-07-25T19:52:50.793912+00:00,Google,https://google.com,200,200,159,1,
2026-07-25T19:52:51.021964+00:00,Github,http://github.com/,200,200,227,1,
2026-07-25T20:40:38.144144+00:00,Google,https://google.com,200,200,153,1,
2026-07-25T20:40:38.202524+00:00,Github,http://github.com/,200,200,58,1,
2026-07-25T21:34:18.538941+00:00,Google,https://google.com,200,200,151,1,
2026-07-25T21:34:18.637004+00:00,Github,http://github.com/,200,200,98,1,
2026-07-25T22:34:35.089462+00:00,Google,https://google.com,200,200,150,1,
2026-07-25T22:34:35.183617+00:00,Github,http://github.com/,200,200,94,1,
2026-07-25T23:40:50.748579+00:00,Google,https://google.com,200,200,425,1,
2026-07-25T23:40:51.039687+00:00,Github,http://github.com/,200,200,291,1,
2026-07-26T01:14:01.236385+00:00,Google,https://google.com,200,200,194,1,
2026-07-26T01:14:01.463138+00:00,Github,http://github.com/,200,200,226,1,
2026-07-26T04:42:05.121498+00:00,Google,https://google.com,200,200,148,1,
2026-07-26T04:42:05.353641+00:00,Github,http://github.com/,200,200,232,1,
2026-07-26T07:18:49.315003+00:00,Google,https://google.com,200,200,216,1,
2026-07-26T07:18:49.396882+00:00,Github,http://github.com/,200,200,81,1,
2026-07-26T09:29:33.157956+00:00,Google,https://google.com,200,200,159,1,
2026-07-26T09:29:33.206522+00:00,Github,http://github.com/,200,200,48,1,
2026-07-26T11:01:50.652558+00:00,Google,https://google.com,200,200,148,1,
2026-07-26T11:01:50.707475+00:00,Github,http://github.com/,200,200,54,1,
2026-07-26T12:14:03.455769+00:00,Google,https://google.com,200,200,179,1,
2026-07-26T12:14:03.546130+00:00,Github,http://github.com/,200,200,90,1,
2026-07-26T13:56:45.803877+00:00,Google,https://google.com,200,200,154,1,
2026-07-26T13:56:46.067541+00:00,Github,http://github.com/,200,200,263,1,
2026-07-26T15:01:25.204021+00:00,Google,https://google.com,200,200,228,1,
2026-07-26T15:01:25.298970+00:00,Github,http://github.com/,200,200,94,1,
2026-07-26T16:12:31.534690+00:00,Google,https://google.com,200,200,196,1,
2026-07-26T16:12:31.784900+00:00,Github,http://github.com/,200,200,250,1,
2026-07-26T17:14:16.366311+00:00,Google,https://google.com,200,200,326,1,
2026-07-26T17:14:16.659571+00:00,Github,http://github.com/,200,200,293,1,
2026-07-26T18:11:57.104215+00:00,Google,https://google.com,200,200,280,1,
2026-07-26T18:11:57.666789+00:00,Github,http://github.com/,200,200,562,1,
2026-07-26T19:32:59.068801+00:00,Google,https://google.com,200,200,232,1,
2026-07-26T19:32:59.297016+00:00,Github,http://github.com/,200,200,228,1,
2026-07-26T20:34:47.241219+00:00,Google,https://google.com,200,200,214,1,
2026-07-26T20:34:47.814297+00:00,Github,http://github.com/,200,200,573,1,
2026-07-26T21:36:04.592369+00:00,Google,https://google.com,200,200,112,1,
2026-07-26T21:36:04.647778+00:00,Github,http://github.com/,200,200,55,1,
2026-07-26T22:39:12.836044+00:00,Google,https://google.com,200,200,159,1,
2026-07-26T22:39:13.084075+00:00,Github,http://github.com/,200,200,247,1,
2026-07-26T23:39:23.604711+00:00,Google,https://google.com,200,200,288,1,
2026-07-26T23:39:23.922181+00:00,Github,http://github.com/,200,200,317,1,
2026-07-27T01:16:27.061702+00:00,Google,https://google.com,200,200,155,1,
2026-07-27T01:16:27.158006+00:00,Github,http://github.com/,200,200,96,1,
2026-07-27T05:03:19.527790+00:00,Google,https://google.com,200,200,165,1,
2026-07-27T05:03:19.642439+00:00,Github,http://github.com/,200,200,114,1,
2026-07-27T08:45:02.265762+00:00,Google,https://google.com,200,200,153,1,
2026-07-27T08:45:02.506462+00:00,Github,http://github.com/,200,200,240,1,
2026-07-27T11:58:54.264029+00:00,Google,https://google.com,200,200,144,1,
2026-07-27T11:58:54.920623+00:00,Github,http://github.com/,200,200,656,1,
2026-07-27T14:36:55.575670+00:00,Google,https://google.com,200,200,168,1,
2026-07-27T14:36:55.793696+00:00,Github,http://github.com/,200,200,218,1,
2026-07-27T16:48:15.369002+00:00,Google,https://google.com,200,200,159,1,
2026-07-27T16:48:15.472525+00:00,Github,http://github.com/,200,200,103,1,
2026-07-27T18:17:51.506031+00:00,Google,https://google.com,200,200,146,1,
2026-07-27T18:17:51.563362+00:00,Github,http://github.com/,200,200,57,1,
2026-07-27T20:01:35.842952+00:00,Google,https://google.com,200,200,140,1,
2026-07-27T20:01:35.950132+00:00,Github,http://github.com/,200,200,107,1,
2026-07-27T21:21:30.934464+00:00,Google,https://google.com,200,200,143,1,
2026-07-27T21:21:31.028555+00:00,Github,http://github.com/,200,200,94,1,
2026-07-27T22:32:02.996253+00:00,Google,https://google.com,200,200,202,1,
2026-07-27T22:32:03.270903+00:00,Github,http://github.com/,200,200,274,1,
2026-07-27T23:42:25.097117+00:00,Google,https://google.com,200,200,382,1,
2026-07-27T23:42:25.352356+00:00,Github,http://github.com/,200,200,255,1,
2026-07-28T01:02:20.415160+00:00,Google,https://google.com,200,200,169,1,
2026-07-28T01:02:20.730972+00:00,Github,http://github.com/,200,200,315,1,
2026-07-28T04:24:46.015367+00:00,Google,https://google.com,200,200,180,1,
2026-07-28T04:24:46.099536+00:00,Github,http://github.com/,200,200,84,1,
2026-07-28T07:07:16.905587+00:00,Google,https://google.com,200,200,141,1,
2026-07-28T07:07:17.000668+00:00,Github,http://github.com/,200,200,95,1,
2026-07-28T09:44:57.091673+00:00,Google,https://google.com,200,200,153,1,
2026-07-28T09:44:57.340095+00:00,Github,http://github.com/,200,200,248,1,
2026-07-28T11:45:34.911298+00:00,Google,https://google.com,200,200,141,1,
2026-07-28T11:45:35.598628+00:00,Github,http://github.com/,200,200,687,1,
2026-07-28T13:41:13.038532+00:00,Google,https://google.com,200,200,281,1,
2026-07-28T13:41:13.402135+00:00,Github,http://github.com/,200,200,363,1,
2026-07-28T15:53:04.030308+00:00,Google,https://google.com,200,200,124,1,
2026-07-28T15:53:04.111236+00:00,Github,http://github.com/,200,200,80,1,
2026-07-28T17:19:02.463197+00:00,Google,https://google.com,200,200,153,1,
2026-07-28T17:19:02.719031+00:00,Github,http://github.com/,200,200,255,1,
2026-07-28T18:52:16.397396+00:00,Google,https://google.com,200,200,266,1,
2026-07-28T18:52:16.767497+00:00,Github,http://github.com/,200,200,370,1,
2026-07-28T20:10:35.250423+00:00,Google,https://google.com,200,200,155,1,
2026-07-28T20:10:35.311271+00:00,Github,http://github.com/,200,200,60,1,
2026-07-28T21:20:34.132842+00:00,Google,https://google.com,200,200,177,1,
2026-07-28T21:20:34.223087+00:00,Github,http://github.com/,200,200,90,1,
2026-07-28T22:31:04.510301+00:00,Google,https://google.com,200,200,253,1,
2026-07-28T22:31:05.168906+00:00,Github,http://github.com/,200,200,658,1,
2026-07-28T23:37:26.209547+00:00,Google,https://google.com,200,200,201,1,
2026-07-28T23:37:26.497356+00:00,Github,http://github.com/,200,200,287,1,
2026-07-29T01:06:24.974942+00:00,Google,https://google.com,200,200,165,1,
2026-07-29T01:06:25.237898+00:00,Github,http://github.com/,200,200,262,1,
2026-07-29T04:27:48.113733+00:00,Google,https://google.com,200,200,147,1,
2026-07-29T04:27:48.220201+00:00,Github,http://github.com/,200,200,106,1,
2026-07-29T07:17:41.785100+00:00,Google,https://google.com,200,200,152,1,
2026-07-29T07:17:42.050613+00:00,Github,http://github.com/,200,200,265,1,
2026-07-29T10:03:19.978133+00:00,Google,https://google.com,200,200,149,1,
2026-07-29T10:03:20.597995+00:00,Github,http://github.com/,200,200,619,1,
2026-07-29T12:17:04.725151+00:00,Google,https://google.com,200,200,113,1,
2026-07-29T12:17:04.782945+00:00,Github,http://github.com/,200,200,57,1,
2026-07-29T14:37:34.815488+00:00,Google,https://google.com,200,200,227,1,
2026-07-29T14:37:34.927251+00:00,Github,http://github.com/,200,200,111,1,
2026-07-29T16:07:41.507307+00:00,Google,https://google.com,200,200,214,1,
2026-07-29T16:07:41.742506+00:00,Github,http://github.com/,200,200,235,1,
2026-07-29T17:35:19.105382+00:00,Google,https://google.com,200,200,166,1,
2026-07-29T17:35:19.784991+00:00,Github,http://github.com/,200,200,679,1,
2026-07-29T18:39:12.103245+00:00,Google,https://google.com,200,200,291,1,
2026-07-29T18:39:12.800446+00:00,Github,http://github.com/,200,200,697,1,
2026-07-29T19:58:12.094959+00:00,Google,https://google.com,200,200,258,1,
2026-07-29T19:58:12.432391+00:00,Github,http://github.com/,200,200,337,1,
2026-07-29T20:54:41.932614+00:00,Google,https://google.com,200,200,158,1,
2026-07-29T20:54:42.035284+00:00,Github,http://github.com/,200,200,102,1,
2026-07-29T21:50:52.022249+00:00,Google,https://google.com,200,200,113,1,
2026-07-29T21:50:52.074528+00:00,Github,http://github.com/,200,200,52,1,
2026-07-29T22:51:49.029425+00:00,Google,https://google.com,200,200,134,1,
2026-07-29T22:51:49.098217+00:00,Github,http://github.com/,200,200,68,1,
2026-07-29T23:53:39.400082+00:00,Google,https://google.com,200,200,137,1,
2026-07-29T23:53:39.457063+00:00,Github,http://github.com/,200,200,56,1,
2026-07-30T01:29:19.340627+00:00,Google,https://google.com,200,200,176,1,
2026-07-30T01:29:19.386330+00:00,Github,http://github.com/,200,200,45,1,
2026-07-30T04:35:29.232433+00:00,Google,https://google.com,200,200,204,1,
2026-07-30T04:35:29.521095+00:00,Github,http://github.com/,200,200,288,1,
2026-07-30T07:18:32.606511+00:00,Google,https://google.com,200,200,145,1,
2026-07-30T07:18:32.708387+00:00,Github,http://github.com/,200,200,101,1,
2026-07-30T09:56:41.237108+00:00,Google,https://google.com,200,200,153,1,
2026-07-30T09:56:41.530965+00:00,Github,http://github.com/,200,200,293,1,
2026-07-30T11:47:55.745935+00:00,Google,https://google.com,200,200,389,1,
2026-07-30T11:47:55.975161+00:00,Github,http://github.com/,200,200,229,1,
2026-07-30T13:28:20.685611+00:00,Google,https://google.com,200,200,251,1,
2026-07-30T13:28:21.083081+00:00,Github,http://github.com/,200,200,397,1,
2026-07-30T15:30:37.365107+00:00,Google,https://google.com,200,200,187,1,
2026-07-30T15:30:37.613955+00:00,Github,http://github.com/,200,200,248,1,
2026-07-30T17:07:14.455445+00:00,Google,https://google.com,200,200,174,1,
2026-07-30T17:07:14.713185+00:00,Github,http://github.com/,200,200,257,1,
2026-07-30T18:42:39.564541+00:00,Google,https://google.com,200,200,272,1,
2026-07-30T18:42:40.140788+00:00,Github,http://github.com/,200,200,576,1,
2026-07-30T20:05:07.606663+00:00,Google,https://google.com,200,200,170,1,
2026-07-30T20:05:08.231521+00:00,Github,http://github.com/,200,200,624,1,
2026-07-30T21:20:32.744997+00:00,Google,https://google.com,200,200,161,1,
2026-07-30T21:20:32.832034+00:00,Github,http://github.com/,200,200,87,1,
2026-07-30T22:33:14.711334+00:00,Google,https://google.com,200,200,264,1,
2026-07-30T22:33:15.101852+00:00,Github,http://github.com/,200,200,390,1,
2026-07-30T23:39:38.750006+00:00,Google,https://google.com,200,200,276,1,
2026-07-30T23:39:39.052512+00:00,Github,http://github.com/,200,200,302,1,
2026-07-31T01:11:16.970150+00:00,Google,https://google.com,200,200,168,1,
2026-07-31T01:11:17.638607+00:00,Github,http://github.com/,200,200,668,1,
2026-07-31T04:36:58.816488+00:00,Google,https://google.com,200,200,143,1,
2026-07-31T04:36:58.909895+00:00,Github,http://github.com/,200,200,93,1,
2026-07-31T07:32:21.882707+00:00,Google,https://google.com,200,200,108,1,
2026-07-31T07:32:21.939213+00:00,Github,http://github.com/,200,200,56,1,
2026-07-31T10:13:43.546282+00:00,Google,https://google.com,200,200,180,1,
2026-07-31T10:13:43.654941+00:00,Github,http://github.com/,200,200,108,1,
2026-07-31T12:16:24.808345+00:00,Google,https://google.com,200,200,205,1,
2026-07-31T12:16:25.499054+00:00,Github,http://github.com/,200,200,690,1,
2026-07-31T14:44:31.258359+00:00,Google,https://google.com,200,200,185,1,
2026-07-31T14:44:31.501114+00:00,Github,http://github.com/,200,200,242,1,
2026-07-31T16:24:14.518180+00:00,Google,https://google.com,200,200,208,1,
2026-07-31T16:24:14.578338+00:00,Github,http://github.com/,200,200,60,1,
2026-07-31T17:59:29.899507+00:00,Google,https://google.com,200,200,237,1,
2026-07-31T17:59:30.486904+00:00,Github,http://github.com/,200,200,587,1,
2026-07-31T19:37:15.865228+00:00,Google,https://google.com,200,200,171,1,
2026-07-31T19:37:16.107839+00:00,Github,http://github.com/,200,200,242,1,
2026-07-31T20:48:52.694263+00:00,Google,https://google.com,200,200,235,1,
2026-07-31T20:48:53.330164+00:00,Github,http://github.com/,200,200,635,1,
2026-07-31T21:47:01.760047+00:00,Google,https://google.com,200,200,176,1,
2026-07-31T21:47:01.995921+00:00,Github,http://github.com/,200,200,235,1,
2026-07-31T22:51:50.691457+00:00,Google,https://google.com,200,200,110,1,
2026-07-31T22:51:50.746482+00:00,Github,http://github.com/,200,200,54,1,
2026-07-31T23:53:57.045223+00:00,Google,https://google.com,200,200,151,1,
2026-07-31T23:53:57.677375+00:00,Github,http://github.com/,200,200,632,1,
2026-08-01T01:57:45.744984+00:00,Google,https://google.com,200,200,182,1,
2026-08-01T01:57:46.010075+00:00,Github,http://github.com/,200,200,265,1,
2026-08-01T05:25:23.944342+00:00,Google,https://google.com,200,200,190,1,
2026-08-01T05:25:24.190996+00:00,Github,http://github.com/,200,200,246,1,
2026-08-01T07:40:26.535426+00:00,Google,https://google.com,200,200,279,1,
2026-08-01T07:40:26.885033+00:00,Github,http://github.com/,200,200,349,1,
2026-08-01T09:34:28.259804+00:00,Google,https://google.com,200,200,226,1,
2026-08-01T09:34:28.904788+00:00,Github,http://github.com/,200,200,644,1,
2026-08-01T11:03:45.743464+00:00,Google,https://google.com,200,200,162,1,
2026-08-01T11:03:45.842671+00:00,Github,http://github.com/,200,200,99,1,
2026-08-01T12:10:56.340554+00:00,Google,https://google.com,200,200,118,1,
2026-08-01T12:10:56.420724+00:00,Github,http://github.com/,200,200,80,1,
2026-08-01T13:51:27.726691+00:00,Google,https://google.com,200,200,174,1,
2026-08-01T13:51:27.992879+00:00,Github,http://github.com/,200,200,266,1,
2026-08-01T14:52:09.233761+00:00,Google,https://google.com,200,200,127,1,
2026-08-01T14:52:09.285247+00:00,Github,http://github.com/,200,200,51,1,
2026-08-01T15:53:15.734412+00:00,Google,https://google.com,200,200,153,1,
2026-08-01T15:53:16.023939+00:00,Github,http://github.com/,200,200,289,1,
2026-08-01T16:50:36.136970+00:00,Google,https://google.com,200,200,188,1,
2026-08-01T16:50:36.727112+00:00,Github,http://github.com/,200,200,590,1,
2026-08-01T17:53:08.815181+00:00,Google,https://google.com,200,200,113,1,
2026-08-01T17:53:08.867817+00:00,Github,http://github.com/,200,200,52,1,
2026-08-01T18:55:27.004202+00:00,Google,https://google.com,200,200,169,1,
2026-08-01T18:55:27.657951+00:00,Github,http://github.com/,200,200,653,1,
2026-08-01T20:05:59.605295+00:00,Google,https://google.com,200,200,141,1,
2026-08-01T20:05:59.705827+00:00,Github,http://github.com/,200,200,100,1,
2026-08-01T21:07:23.297255+00:00,Google,https://google.com,200,200,208,1,
2026-08-01T21:07:23.560657+00:00,Github,http://github.com/,200,200,263,1,
2026-08-01T22:08:36.450942+00:00,Google,https://google.com,200,200,574,1,
2026-08-01T22:08:36.513517+00:00,Github,http://github.com/,200,200,62,1,
2026-08-01T23:08:34.193677+00:00,Google,https://google.com,200,200,155,1,
2026-08-01T23:08:34.413338+00:00,Github,http://github.com/,200,200,219,1,
2026-08-02T00:08:52.847911+00:00,Google,https://google.com,200,200,207,1,
2026-08-02T00:08:52.910177+00:00,Github,http://github.com/,200,200,62,1,
2026-08-02T03:48:59.821910+00:00,Google,https://google.com,200,200,111,1,
2026-08-02T03:48:59.876848+00:00,Github,http://github.com/,200,200,54,1,
2026-08-02T06:26:10.721678+00:00,Google,https://google.com,200,200,154,1,
2026-08-02T06:26:11.337916+00:00,Github,http://github.com/,200,200,616,1,
2026-08-02T08:42:01.393153+00:00,Google,https://google.com,200,200,146,1,
2026-08-02T08:42:01.489548+00:00,Github,http://github.com/,200,200,96,1,
2026-08-02T10:19:32.709044+00:00,Google,https://google.com,200,200,167,1,
2026-08-02T10:19:32.771353+00:00,Github,http://github.com/,200,200,62,1,
2026-08-02T11:39:13.892412+00:00,Google,https://google.com,200,200,177,1,
2026-08-02T11:39:14.117042+00:00,Github,http://github.com/,200,200,224,1,
2026-08-02T12:40:46.509039+00:00,Google,https://google.com,200,200,157,1,
2026-08-02T12:40:46.778769+00:00,Github,http://github.com/,200,200,269,1,
2026-08-02T14:13:00.927616+00:00,Google,https://google.com,200,200,150,1,
2026-08-02T14:13:01.537471+00:00,Github,http://github.com/,200,200,609,1,
2026-08-02T15:19:23.547914+00:00,Google,https://google.com,200,200,147,1,
2026-08-02T15:19:23.812456+00:00,Github,http://github.com/,200,200,264,1,
2026-08-02T16:26:52.610694+00:00,Google,https://google.com,200,200,176,1,
2026-08-02T16:26:52.880258+00:00,Github,http://github.com/,200,200,269,1,
2026-08-02T17:30:42.733172+00:00,Google,https://google.com,200,200,179,1,
2026-08-02T17:30:43.359246+00:00,Github,http://github.com/,200,200,626,1,
2026-08-02T18:38:23.930060+00:00,Google,https://google.com,200,200,159,1,
2026-08-02T18:38:24.050916+00:00,Github,http://github.com/,200,200,120,1,
2026-08-02T19:50:52.850497+00:00,Google,https://google.com,200,200,172,1,
2026-08-02T19:50:53.115660+00:00,Github,http://github.com/,200,200,265,1,
2026-08-02T20:42:52.082045+00:00,Google,https://google.com,200,200,155,1,
2026-08-02T20:42:52.179703+00:00,Github,http://github.com/,200,200,97,1,
2026-08-02T21:36:42.893897+00:00,Google,https://google.com,200,200,186,1,
2026-08-02T21:36:43.129575+00:00,Github,http://github.com/,200,200,235,1,
2026-08-02T22:36:24.638739+00:00,Google,https://google.com,200,200,161,1,
2026-08-02T22:36:24.904166+00:00,Github,http://github.com/,200,200,265,1,
2026-08-02T23:38:38.633155+00:00,Google,https://google.com,200,200,173,1,
2026-08-02T23:38:39.373871+00:00,Github,http://github.com/,200,200,740,1,
2026-08-03T01:13:10.547474+00:00,Google,https://google.com,200,200,170,1,
2026-08-03T01:13:10.638406+00:00,Github,http://github.com/,200,200,90,1,
2026-08-03T04:46:15.530672+00:00,Google,https://google.com,200,200,153,1,
2026-08-03T04:46:15.800574+00:00,Github,http://github.com/,200,200,269,1,
2026-08-03T08:20:39.724067+00:00,Google,https://google.com,200,200,168,1,
2026-08-03T08:20:39.947620+00:00,Github,http://github.com/,200,200,223,1,
2026-08-03T11:53:21.324831+00:00,Google,https://google.com,200,200,176,1,
2026-08-03T11:53:21.419522+00:00,Github,http://github.com/,200,200,94,1,
2026-08-03T14:17:11.222364+00:00,Google,https://google.com,200,200,177,1,
2026-08-03T14:17:11.474778+00:00,Github,http://github.com/,200,200,252,1,
2026-08-03T16:44:30.935477+00:00,Google,https://google.com,200,200,136,1,
2026-08-03T16:44:30.992065+00:00,Github,http://github.com/,200,200,56,1,
2026-08-03T18:26:23.590287+00:00,Google,https://google.com,200,200,253,1,
2026-08-03T18:26:24.220316+00:00,Github,http://github.com/,200,200,629,1,
2026-08-03T20:08:38.632392+00:00,Google,https://google.com,200,200,111,1,
2026-08-03T20:08:38.699820+00:00,Github,http://github.com/,200,200,67,1,
2026-08-03T21:19:37.564333+00:00,Google,https://google.com,200,200,198,1,
2026-08-03T21:19:38.262633+00:00,Github,http://github.com/,200,200,698,1,
2026-08-03T22:32:04.516218+00:00,Google,https://google.com,200,200,151,1,
2026-08-03T22:32:04.616208+00:00,Github,http://github.com/,200,200,99,1,
2026-08-03T23:45:21.061992+00:00,Google,https://google.com,200,200,287,1,
2026-08-03T23:45:21.419328+00:00,Github,http://github.com/,200,200,357,1,
2026-08-04T01:42:43.873432+00:00,Google,https://google.com,200,200,173,1,
2026-08-04T01:42:43.960770+00:00,Github,http://github.com/,200,200,87,1,
2026-08-04T04:47:57.399428+00:00,Google,https://google.com,200,200,157,1,
2026-08-04T04:47:57.642999+00:00,Github,http://github.com/,200,200,243,1,
2026-08-04T07:30:44.372698+00:00,Google,https://google.com,200,200,151,1,
2026-08-04T07:30:44.617720+00:00,Github,http://github.com/,200,200,244,1,
2026-08-04T10:17:03.552286+00:00,Google,https://google.com,200,200,184,1,
2026-08-04T10:17:03.846541+00:00,Github,http://github.com/,200,200,294,1,
2026-08-04T12:23:16.665138+00:00,Google,https://google.com,200,200,174,1,
2026-08-04T12:23:16.911841+00:00,Github,http://github.com/,200,200,246,1,
2026-08-04T14:56:57.405057+00:00,Google,https://google.com,200,200,199,1,
2026-08-04T14:56:57.719237+00:00,Github,http://github.com/,200,200,314,1,
2026-08-04T16:48:48.442548+00:00,Google,https://google.com,200,200,190,1,
2026-08-04T16:48:48.727215+00:00,Github,http://github.com/,200,200,284,1,
2026-08-04T18:22:42.220973+00:00,Google,https://google.com,200,200,167,1,
2026-08-04T18:22:42.499261+00:00,Github,http://github.com/,200,200,278,1,
2026-08-04T20:06:16.523497+00:00,Google,https://google.com,200,200,185,1,
2026-08-04T20:06:16.612966+00:00,Github,http://github.com/,200,200,89,1,
2026-08-04T21:33:01.318451+00:00,Google,https://google.com,200,200,265,1,
2026-08-04T21:33:01.623620+00:00,Github,http://github.com/,200,200,305,1,
2026-08-04T22:42:07.192945+00:00,Google,https://google.com,200,200,175,1,
2026-08-04T22:42:07.782345+00:00,Github,http://github.com/,200,200,589,1,
2026-08-04T23:41:36.576162+00:00,Google,https://google.com,200,200,114,1,
2026-08-04T23:41:36.633435+00:00,Github,http://github.com/,200,200,57,1,
2026-08-05T01:03:16.831656+00:00,Google,https://google.com,200,200,240,1,
2026-08-05T01:03:17.423663+00:00,Github,http://github.com/,200,200,591,1,
2026-08-05T04:26:30.917811+00:00,Google,https://google.com,200,200,140,1,
2026-08-05T04:26:30.979409+00:00,Github,http://github.com/,200,200,61,1,
2026-08-05T07:10:25.564048+00:00,Google,https://google.com,200,200,108,1,
2026-08-05T07:10:25.635734+00:00,Github,http://github.com/,200,200,71,1,
2026-08-05T09:46:17.017850+00:00,Google,https://google.com,200,200,287,1,
2026-08-05T09:46:17.418266+00:00,Github,http://github.com/,200,200,400,1,
2026-08-05T11:50:59.348516+00:00,Google,https://google.com,200,200,122,1,
2026-08-05T11:50:59.404056+00:00,Github,http://github.com/,200,200,55,1,
2026-08-05T13:44:31.007455+00:00,Google,https://google.com,200,200,155,1,
2026-08-05T13:44:31.099952+00:00,Github,http://github.com/,200,200,92,1,
2026-08-05T15:49:58.549298+00:00,Google,https://google.com,200,200,127,1,
2026-08-05T15:49:58.604722+00:00,Github,http://github.com/,200,200,55,1,
2026-08-05T17:21:00.053135+00:00,Google,https://google.com,200,200,267,1,
2026-08-05T17:21:00.424948+00:00,Github,http://github.com/,200,200,371,1,
2026-08-05T18:58:53.806417+00:00,Google,https://google.com,200,200,294,1,
2026-08-05T18:58:54.095206+00:00,Github,http://github.com/,200,200,288,1,
2026-08-05T20:26:30.276138+00:00,Google,https://google.com,200,200,143,1,
2026-08-05T20:26:30.332222+00:00,Github,http://github.com/,200,200,56,1,
2026-08-05T21:43:14.902187+00:00,Google,https://google.com,200,200,151,1,
2026-08-05T21:43:15.003929+00:00,Github,http://github.com/,200,200,101,1,
2026-08-05T22:41:58.742928+00:00,Google,https://google.com,200,200,192,1,
2026-08-05T22:41:59.388596+00:00,Github,http://github.com/,200,200,645,1,
2026-08-05T23:36:58.022280+00:00,Google,https://google.com,200,200,141,1,
2026-08-05T23:36:58.085955+00:00,Github,http://github.com/,200,200,63,1,
2026-08-06T01:02:09.760047+00:00,Google,https://google.com,200,200,153,1,
2026-08-06T01:02:09.863407+00:00,Github,http://github.com/,200,200,103,1,
2026-08-06T04:28:09.315638+00:00,Google,https://google.com,200,200,168,1,
2026-08-06T04:28:09.413107+00:00,Github,http://github.com/,200,200,97,1,
2026-08-06T07:15:11.926153+00:00,Google,https://google.com,200,200,158,1,
2026-08-06T07:15:11.972820+00:00,Github,http://github.com/,200,200,46,1,
2026-08-06T10:04:56.308005+00:00,Google,https://google.com,200,200,273,1,
2026-08-06T10:04:56.762647+00:00,Github,http://github.com/,200,200,454,1,
2026-08-06T12:16:06.768676+00:00,Google,https://google.com,200,200,176,1,
2026-08-06T12:16:07.039842+00:00,Github,http://github.com/,200,200,271,1,
2026-08-06T14:42:48.508722+00:00,Google,https://google.com,200,200,174,1,
2026-08-06T14:42:48.596632+00:00,Github,http://github.com/,200,200,87,1,
2026-08-07T00:12:54.800774+00:00,Google,https://google.com,200,200,254,1,
2026-08-07T00:12:55.384377+00:00,Github,http://github.com/,200,200,583,1,
2026-08-07T03:14:11.813901+00:00,Google,https://google.com,200,200,182,1,
2026-08-07T03:14:11.902064+00:00,Github,http://github.com/,200,200,88,1,
2026-08-07T05:02:25.037916+00:00,Google,https://google.com,200,200,202,1,
2026-08-07T05:02:25.322586+00:00,Github,http://github.com/,200,200,284,1,
2026-08-07T06:16:28.402197+00:00,Google,https://google.com,200,200,238,1,
2026-08-07T06:16:28.946784+00:00,Github,http://github.com/,200,200,544,1,
2026-08-07T07:49:24.398368+00:00,Google,https://google.com,200,200,110,1,
2026-08-07T07:49:24.470558+00:00,Github,http://github.com/,200,200,72,1,
2026-08-07T08:46:42.966562+00:00,Google,https://google.com,200,200,193,1,
2026-08-07T08:46:43.235807+00:00,Github,http://github.com/,200,200,269,1,
2026-08-07T09:51:44.565299+00:00,Google,https://google.com,200,200,156,1,
2026-08-07T09:51:44.809270+00:00,Github,http://github.com/,200,200,243,1,
2026-08-07T10:42:44.171224+00:00,Google,https://google.com,200,200,219,1,
2026-08-07T10:42:44.799673+00:00,Github,http://github.com/,200,200,628,1,
2026-08-07T11:31:00.208154+00:00,Google,https://google.com,200,200,266,1,
2026-08-07T11:31:00.524353+00:00,Github,http://github.com/,200,200,316,1,
2026-08-07T12:26:22.127219+00:00,Google,https://google.com,200,200,199,1,
2026-08-07T12:26:22.360659+00:00,Github,http://github.com/,200,200,233,1,
2026-08-07T13:47:11.668328+00:00,Google,https://google.com,200,200,153,1,
2026-08-07T13:47:11.763536+00:00,Github,http://github.com/,200,200,95,1,
2026-08-07T14:44:51.217636+00:00,Google,https://google.com,200,200,109,1,
2026-08-07T14:44:51.265620+00:00,Github,http://github.com/,200,200,47,1,
2026-08-07T15:37:05.329242+00:00,Google,https://google.com,200,200,292,1,
2026-08-07T15:37:05.644470+00:00,Github,http://github.com/,200,200,315,1,
2026-08-07T16:31:41.572831+00:00,Google,https://google.com,200,200,182,1,
2026-08-07T16:31:41.749292+00:00,Github,http://github.com/,200,200,176,1,
2026-08-07T17:31:13.676865+00:00,Google,https://google.com,200,200,121,1,
2026-08-07T17:31:13.748607+00:00,Github,http://github.com/,200,200,71,1,
2026-08-07T18:28:05.188582+00:00,Google,https://google.com,200,200,178,1,
2026-08-07T18:28:05.915492+00:00,Github,http://github.com/,200,200,726,1,
2026-08-07T19:28:40.205918+00:00,Google,https://google.com,200,200,236,1,
2026-08-07T19:28:40.817281+00:00,Github,http://github.com/,200,200,611,1,
2026-08-07T20:05:06.103399+00:00,Google,https://google.com,200,200,133,1,
2026-08-07T20:05:06.157139+00:00,Github,http://github.com/,200,200,53,1,
2026-08-07T20:55:53.819482+00:00,Google,https://google.com,200,200,276,1,
2026-08-07T20:55:54.165893+00:00,Github,http://github.com/,200,200,346,1,
2026-08-07T21:31:46.882730+00:00,Google,https://google.com,200,200,229,1,
2026-08-07T21:31:47.101893+00:00,Github,http://github.com/,200,200,219,1,
2026-08-07T22:16:21.790372+00:00,Google,https://google.com,200,200,187,1,
2026-08-07T22:16:22.042696+00:00,Github,http://github.com/,200,200,252,1,
2026-08-07T23:02:02.730772+00:00,Google,https://google.com,200,200,137,1,
2026-08-07T23:02:02.798184+00:00,Github,http://github.com/,200,200,67,1,
2026-08-07T23:45:49.436733+00:00,Google,https://google.com,200,200,159,1,
2026-08-07T23:45:49.964022+00:00,Github,http://github.com/,200,200,527,1,
2026-08-08T00:56:42.287242+00:00,Google,https://google.com,200,200,284,1,
2026-08-08T00:56:42.801333+00:00,Github,http://github.com/,200,200,514,1,
2026-08-08T02:51:50.290268+00:00,Google,https://google.com,200,200,166,1,
2026-08-08T02:51:50.556920+00:00,Github,http://github.com/,200,200,266,1,
2026-08-08T04:04:59.889127+00:00,Google,https://google.com,200,200,214,1,
2026-08-08T04:05:00.588960+00:00,Github,http://github.com/,200,200,699,1,
2026-08-08T05:08:03.137107+00:00,Google,https://google.com,200,200,245,1,
2026-08-08T05:08:03.406894+00:00,Github,http://github.com/,200,200,269,1,
2026-08-08T05:53:46.253182+00:00,Google,https://google.com,200,200,133,1,
2026-08-08T05:53:46.337709+00:00,Github,http://github.com/,200,200,84,1,
2026-08-08T06:35:08.154965+00:00,Google,https://google.com,200,200,227,1,
2026-08-08T06:35:08.735494+00:00,Github,http://github.com/,200,200,580,1,
2026-08-08T07:33:48.706207+00:00,Google,https://google.com,200,200,171,1,
2026-08-08T07:33:49.326529+00:00,Github,http://github.com/,200,200,620,1,
2026-08-08T08:19:57.706260+00:00,Google,https://google.com,200,200,182,1,
2026-08-08T08:19:57.927043+00:00,Github,http://github.com/,200,200,220,1,
2026-08-08T09:07:53.784657+00:00,Google,https://google.com,200,200,255,1,
2026-08-08T09:07:54.338420+00:00,Github,http://github.com/,200,200,553,1,
2026-08-08T09:51:42.908220+00:00,Google,https://google.com,200,200,134,1,
2026-08-08T09:51:42.959572+00:00,Github,http://github.com/,200,200,51,1,
2026-08-08T10:21:49.736998+00:00,Google,https://google.com,200,200,135,1,
2026-08-08T10:21:59.749429+00:00,Github,http://github.com/,200,0,10012,0,URLError: <urlopen error timed out>
2026-08-08T10:57:38.157527+00:00,Google,https://google.com,200,200,131,1,
2026-08-08T10:57:38.205823+00:00,Github,http://github.com/,200,200,48,1,
2026-08-08T11:25:59.953063+00:00,Google,https://google.com,200,429,361,0,HTTPError: HTTP Error 429: Too Many Requests
2026-08-08T11:26:00.046771+00:00,Github,http://github.com/,200,200,93,1,
2026-08-08T11:51:48.676766+00:00,Google,https://google.com,200,200,161,1,
2026-08-08T11:51:48.955028+00:00,Github,http://github.com/,200,200,278,1,
2026-08-08T12:28:07.842072+00:00,Google,https://google.com,200,200,286,1,
2026-08-08T12:28:08.143502+00:00,Github,http://github.com/,200,200,301,1,
2026-08-08T13:26:23.594724+00:00,Google,https://google.com,200,200,151,1,
2026-08-08T13:26:23.687145+00:00,Github,http://github.com/,200,200,92,1,
2026-08-08T14:04:17.532286+00:00,Google,https://google.com,200,200,155,1,
2026-08-08T14:04:17.748421+00:00,Github,http://github.com/,200,200,216,1,
2026-08-08T14:47:22.734693+00:00,Google,https://google.com,200,200,149,1,
2026-08-08T14:47:22.831723+00:00,Github,http://github.com/,200,200,96,1,
2026-08-08T15:20:12.402434+00:00,Google,https://google.com,200,200,224,1,
2026-08-08T15:20:12.656709+00:00,Github,http://github.com/,200,200,254,1,
2026-08-08T15:53:21.129689+00:00,Google,https://google.com,200,200,320,1,
2026-08-08T15:53:21.427151+00:00,Github,http://github.com/,200,200,297,1,
2026-08-08T16:20:54.193962+00:00,Google,https://google.com,200,200,114,1,
2026-08-08T16:20:54.244712+00:00,Github,http://github.com/,200,200,50,1,
2026-08-08T16:59:51.770215+00:00,Google,https://google.com,200,200,186,1,
2026-08-08T16:59:51.875058+00:00,Github,http://github.com/,200,200,104,1,
2026-08-08T17:33:27.784789+00:00,Google,https://google.com,200,200,159,1,
2026-08-08T17:33:28.036459+00:00,Github,http://github.com/,200,200,251,1,
2026-08-08T18:01:44.618562+00:00,Google,https://google.com,200,200,159,1,
2026-08-08T18:01:45.198209+00:00,Github,http://github.com/,200,200,579,1,
2026-08-08T18:55:15.350499+00:00,Google,https://google.com,200,200,114,1,
2026-08-08T18:55:15.416612+00:00,Github,http://github.com/,200,200,66,1,
2026-08-08T19:21:52.765069+00:00,Google,https://google.com,200,200,287,1,
2026-08-08T19:21:53.096325+00:00,Github,http://github.com/,200,200,331,1,
2026-08-08T19:50:00.343795+00:00,Google,https://google.com,200,200,198,1,
2026-08-08T19:50:00.585774+00:00,Github,http://github.com/,200,200,241,1,
2026-08-08T20:17:51.069350+00:00,Google,https://google.com,200,200,279,1,
2026-08-08T20:17:51.370970+00:00,Github,http://github.com/,200,200,301,1,
2026-08-08T20:55:28.701047+00:00,Google,https://google.com,200,200,228,1,
2026-08-08T20:55:29.325530+00:00,Github,http://github.com/,200,200,624,1,
2026-08-08T21:21:26.501773+00:00,Google,https://google.com,200,200,164,1,
2026-08-08T21:21:26.554448+00:00,Github,http://github.com/,200,200,52,1,
2026-08-08T21:52:44.394993+00:00,Google,https://google.com,200,200,171,1,
2026-08-08T21:52:44.659621+00:00,Github,http://github.com/,200,200,264,1,
2026-08-08T22:18:17.685236+00:00,Google,https://google.com,200,200,278,1,
2026-08-08T22:18:17.990695+00:00,Github,http://github.com/,200,200,305,1,
2026-08-08T22:54:00.920786+00:00,Google,https://google.com,200,200,187,1,
2026-08-08T22:54:01.001129+00:00,Github,http://github.com/,200,200,80,1,
2026-08-08T23:18:37.770962+00:00,Google,https://google.com,200,200,154,1,
2026-08-08T23:18:37.869999+00:00,Github,http://github.com/,200,200,98,1,
2026-08-08T23:51:22.609194+00:00,Google,https://google.com,200,200,158,1,
2026-08-08T23:51:23.227726+00:00,Github,http://github.com/,200,200,618,1,
2026-08-09T01:00:16.261267+00:00,Google,https://google.com,200,200,148,1,
2026-08-09T01:00:16.481297+00:00,Github,http://github.com/,200,200,219,1,
2026-08-09T03:06:18.070667+00:00,Google,https://google.com,200,200,161,1,
2026-08-09T03:06:18.152465+00:00,Github,http://github.com/,200,200,81,1,
2026-08-09T04:33:39.244145+00:00,Google,https://google.com,200,200,153,1,
2026-08-09T04:33:39.488129+00:00,Github,http://github.com/,200,200,243,1,
2026-08-09T05:32:19.344452+00:00,Google,https://google.com,200,200,156,1,
2026-08-09T05:32:19.599443+00:00,Github,http://github.com/,200,200,254,1,
2026-08-09T06:26:30.079679+00:00,Google,https://google.com,200,200,125,1,
2026-08-09T06:26:30.136552+00:00,Github,http://github.com/,200,200,56,1,
2026-08-09T07:30:10.690575+00:00,Google,https://google.com,200,200,116,1,
2026-08-09T07:30:10.749396+00:00,Github,http://github.com/,200,200,58,1,
2026-08-09T08:20:45.751041+00:00,Google,https://google.com,200,200,156,1,
2026-08-09T08:20:45.845370+00:00,Github,http://github.com/,200,200,94,1,
2026-08-09T09:08:35.819457+00:00,Google,https://google.com,200,200,222,1,
2026-08-09T09:08:36.361017+00:00,Github,http://github.com/,200,200,541,1,
2026-08-09T09:53:04.836417+00:00,Google,https://google.com,200,200,200,1,
2026-08-09T09:53:05.102058+00:00,Github,http://github.com/,200,200,265,1,
2026-08-09T10:23:00.975722+00:00,Google,https://google.com,200,200,183,1,
2026-08-09T10:23:01.763158+00:00,Github,http://github.com/,200,200,787,1,
2026-08-09T10:59:12.243880+00:00,Google,https://google.com,200,200,154,1,
2026-08-09T10:59:12.325001+00:00,Github,http://github.com/,200,200,81,1,
2026-08-09T11:30:35.550554+00:00,Google,https://google.com,200,200,121,1,
2026-08-09T11:30:35.607030+00:00,Github,http://github.com/,200,200,56,1,
2026-08-09T12:00:35.280185+00:00,Google,https://google.com,200,200,183,1,
2026-08-09T12:00:35.385351+00:00,Github,http://github.com/,200,200,105,1,
2026-08-09T13:12:23.913424+00:00,Google,https://google.com,200,200,115,1,
2026-08-09T13:12:23.965726+00:00,Github,http://github.com/,200,200,52,1,
2026-08-09T13:57:34.831581+00:00,Google,https://google.com,200,200,296,1,
2026-08-09T13:57:35.173250+00:00,Github,http://github.com/,200,200,341,1,
2026-08-09T14:31:27.447629+00:00,Google,https://google.com,200,200,278,1,
2026-08-09T14:31:27.759420+00:00,Github,http://github.com/,200,200,311,1,
2026-08-09T15:04:19.442697+00:00,Google,https://google.com,200,200,118,1,
2026-08-09T15:04:19.492146+00:00,Github,http://github.com/,200,200,49,1,
2026-08-09T15:43:52.014785+00:00,Google,https://google.com,200,200,234,1,
2026-08-09T15:43:52.605605+00:00,Github,http://github.com/,200,200,590,1,
2026-08-09T16:04:10.238517+00:00,Google,https://google.com,200,200,287,1,
2026-08-09T16:04:10.594167+00:00,Github,http://github.com/,200,200,355,1,
2026-08-09T16:51:36.422914+00:00,Google,https://google.com,200,200,179,1,
2026-08-09T16:51:37.054737+00:00,Github,http://github.com/,200,200,631,1,
2026-08-09T17:21:43.298415+00:00,Google,https://google.com,200,200,161,1,
2026-08-09T17:21:43.547175+00:00,Github,http://github.com/,200,200,248,1,
2026-08-09T17:55:05.523174+00:00,Google,https://google.com,200,200,177,1,
2026-08-09T17:55:05.610921+00:00,Github,http://github.com/,200,200,87,1,
2026-08-09T18:25:36.259265+00:00,Google,https://google.com,200,200,230,1,
2026-08-09T18:25:36.844178+00:00,Github,http://github.com/,200,200,584,1,
2026-08-09T19:09:49.055456+00:00,Google,https://google.com,200,200,270,1,
2026-08-09T19:09:49.413365+00:00,Github,http://github.com/,200,200,357,1,
2026-08-09T19:46:13.188232+00:00,Google,https://google.com,200,200,174,1,
2026-08-09T19:46:13.852473+00:00,Github,http://github.com/,200,200,664,1,
2026-08-09T20:20:52.585574+00:00,Google,https://google.com,200,200,271,1,
2026-08-09T20:20:52.872142+00:00,Github,http://github.com/,200,200,286,1,
2026-08-09T20:59:29.714140+00:00,Google,https://google.com,200,200,139,1,
2026-08-09T20:59:29.767590+00:00,Github,http://github.com/,200,200,53,1,
2026-08-09T21:34:48.298860+00:00,Google,https://google.com,200,200,153,1,
2026-08-09T21:34:48.550022+00:00,Github,http://github.com/,200,200,251,1,
2026-08-09T22:02:18.232563+00:00,Google,https://google.com,200,200,117,1,
2026-08-09T22:02:18.312840+00:00,Github,http://github.com/,200,200,80,1,
2026-08-09T22:47:16.371483+00:00,Google,https://google.com,200,200,176,1,
2026-08-09T22:47:16.462054+00:00,Github,http://github.com/,200,200,90,1,
2026-08-09T23:21:08.926928+00:00,Google,https://google.com,200,200,342,1,
2026-08-09T23:21:09.146394+00:00,Github,http://github.com/,200,200,219,1,
2026-08-09T23:55:49.486995+00:00,Google,https://google.com,200,200,168,1,
2026-08-09T23:55:49.773877+00:00,Github,http://github.com/,200,200,286,1,
2026-08-10T01:10:19.160444+00:00,Google,https://google.com,200,200,249,1,
2026-08-10T01:10:19.466986+00:00,Github,http://github.com/,200,200,306,1,
2026-08-10T03:17:48.965183+00:00,Google,https://google.com,200,200,168,1,
2026-08-10T03:17:49.229692+00:00,Github,http://github.com/,200,200,264,1,
2026-08-10T05:02:15.223482+00:00,Google,https://google.com,200,200,117,1,
2026-08-10T05:02:15.287344+00:00,Github,http://github.com/,200,200,63,1,
2026-08-10T06:20:10.028098+00:00,Google,https://google.com,200,200,204,1,
2026-08-10T06:20:10.634858+00:00,Github,http://github.com/,200,200,606,1,
2026-08-10T08:11:15.817384+00:00,Google,https://google.com,200,200,274,1,
2026-08-10T08:11:16.202124+00:00,Github,http://github.com/,200,200,384,1,
2026-08-10T09:45:57.986939+00:00,Google,https://google.com,200,200,351,1,
2026-08-10T09:45:58.727646+00:00,Github,http://github.com/,200,200,740,1,
2026-08-10T10:58:33.929814+00:00,Google,https://google.com,200,200,175,1,
2026-08-10T10:58:34.592715+00:00,Github,http://github.com/,200,200,662,1,
2026-08-10T11:46:26.360225+00:00,Google,https://google.com,200,200,197,1,
2026-08-10T11:46:26.451412+00:00,Github,http://github.com/,200,200,91,1,
2026-08-10T12:46:01.581194+00:00,Google,https://google.com,200,200,153,1,
2026-08-10T12:46:01.857078+00:00,Github,http://github.com/,200,200,275,1,
2026-08-10T14:13:33.388745+00:00,Google,https://google.com,200,200,184,1,
2026-08-10T14:13:33.475019+00:00,Github,http://github.com/,200,200,86,1,
2026-08-10T15:16:09.134775+00:00,Google,https://google.com,200,200,240,1,
2026-08-10T15:16:09.534875+00:00,Github,http://github.com/,200,200,400,1,
2026-08-10T16:13:08.284084+00:00,Google,https://google.com,200,200,132,1,
2026-08-10T16:13:08.336294+00:00,Github,http://github.com/,200,200,52,1,
2026-08-10T17:07:50.423061+00:00,Google,https://google.com,200,200,212,1,
2026-08-10T17:07:50.697067+00:00,Github,http://github.com/,200,200,273,1,
2026-08-10T18:00:40.662257+00:00,Google,https://google.com,200,200,176,1,
2026-08-10T18:00:40.709456+00:00,Github,http://github.com/,200,200,47,1,
2026-08-10T19:13:18.210083+00:00,Google,https://google.com,200,200,201,1,
2026-08-10T19:13:18.304010+00:00,Github,http://github.com/,200,200,93,1,
2026-08-10T20:01:04.433374+00:00,Google,https://google.com,200,200,185,1,
2026-08-10T20:01:04.683291+00:00,Github,http://github.com/,200,200,249,1,
2026-08-10T20:58:42.975807+00:00,Google,https://google.com,200,200,122,1,
2026-08-10T20:58:43.032375+00:00,Github,http://github.com/,200,200,56,1,
2026-08-10T21:41:15.213577+00:00,Google,https://google.com,200,200,408,1,
2026-08-10T21:41:15.553364+00:00,Github,http://github.com/,200,200,339,1,
2026-08-10T22:18:37.909621+00:00,Google,https://google.com,200,200,205,1,
2026-08-10T22:18:38.559481+00:00,Github,http://github.com/,200,200,649,1,
2026-08-10T23:03:38.132749+00:00,Google,https://google.com,200,200,202,1,
2026-08-10T23:03:38.431915+00:00,Github,http://github.com/,200,200,299,1,
2026-08-10T23:48:38.597679+00:00,Google,https://google.com,200,200,119,1,
2026-08-10T23:48:38.655250+00:00,Github,http://github.com/,200,200,57,1,
2026-08-11T01:01:16.483855+00:00,Google,https://google.com,200,200,137,1,
2026-08-11T01:01:16.559252+00:00,Github,http://github.com/,200,200,75,1,
2026-08-11T03:09:49.805741+00:00,Google,https://google.com,200,200,214,1,
2026-08-11T03:09:50.471143+00:00,Github,http://github.com/,200,200,665,1,
2026-08-11T04:36:56.003498+00:00,Google,https://google.com,200,200,165,1,
2026-08-11T04:36:56.093573+00:00,Github,http://github.com/,200,200,90,1,
2026-08-11T05:40:02.694752+00:00,Google,https://google.com,200,200,156,1,
2026-08-11T05:40:02.925759+00:00,Github,http://github.com/,200,200,230,1,
2026-08-11T07:51:28.385785+00:00,Google,https://google.com,200,200,116,1,
2026-08-11T07:51:28.437856+00:00,Github,http://github.com/,200,200,52,1,
2026-08-11T08:43:43.585411+00:00,Google,https://google.com,200,200,172,1,
2026-08-11T08:43:43.675928+00:00,Github,http://github.com/,200,200,90,1,
2026-08-11T09:41:52.487553+00:00,Google,https://google.com,200,200,218,1,
2026-08-11T09:41:52.737726+00:00,Github,http://github.com/,200,200,250,1,
2026-08-11T10:32:47.039669+00:00,Google,https://google.com,200,200,203,1,
2026-08-11T10:32:47.152763+00:00,Github,http://github.com/,200,200,113,1,
2026-08-11T11:27:50.864213+00:00,Google,https://google.com,200,200,110,1,
2026-08-11T11:27:50.922218+00:00,Github,http://github.com/,200,200,57,1,
2026-08-11T12:08:17.057086+00:00,Google,https://google.com,200,200,175,1,
2026-08-11T12:08:17.352545+00:00,Github,http://github.com/,200,200,295,1,
2026-08-11T13:38:38.240241+00:00,Google,https://google.com,200,200,115,1,
2026-08-11T13:38:38.299212+00:00,Github,http://github.com/,200,200,58,1,
2026-08-11T14:41:34.781424+00:00,Google,https://google.com,200,429,566,0,HTTPError: HTTP Error 429: Too Many Requests
2026-08-11T14:41:34.880531+00:00,Github,http://github.com/,200,200,99,1,
2026-08-11T15:36:31.646851+00:00,Google,https://google.com,200,200,211,1,
2026-08-11T15:36:31.926604+00:00,Github,http://github.com/,200,200,279,1,
2026-08-11T16:32:32.103076+00:00,Google,https://google.com,200,200,197,1,
2026-08-11T16:32:32.354101+00:00,Github,http://github.com/,200,200,250,1,
2026-08-11T17:37:27.062860+00:00,Google,https://google.com,200,200,143,1,
2026-08-11T17:37:27.166872+00:00,Github,http://github.com/,200,200,103,1,
2026-08-11T18:32:40.831960+00:00,Google,https://google.com,200,200,315,1,
2026-08-11T18:32:41.236350+00:00,Github,http://github.com/,200,200,404,1,
2026-08-11T19:43:47.612033+00:00,Google,https://google.com,200,200,222,1,
2026-08-11T19:43:48.218755+00:00,Github,http://github.com/,200,200,606,1,
2026-08-11T20:24:14.013384+00:00,Google,https://google.com,200,200,198,1,
2026-08-11T20:24:14.213425+00:00,Github,http://github.com/,200,200,199,1,
2026-08-11T21:11:36.179477+00:00,Google,https://google.com,200,200,176,1,
2026-08-11T21:11:36.436221+00:00,Github,http://github.com/,200,200,256,1,
2026-08-11T22:02:27.228694+00:00,Google,https://google.com,200,200,157,1,
2026-08-11T22:02:27.290003+00:00,Github,http://github.com/,200,200,61,1,
2026-08-11T22:59:51.649200+00:00,Google,https://google.com,200,200,247,1,
2026-08-11T22:59:51.894981+00:00,Github,http://github.com/,200,200,245,1,
2026-08-11T23:44:02.862490+00:00,Google,https://google.com,200,200,180,1,
2026-08-11T23:44:03.485644+00:00,Github,http://github.com/,200,200,623,1,
2026-08-12T00:42:04.862271+00:00,Google,https://google.com,200,200,120,1,
2026-08-12T00:42:04.926808+00:00,Github,http://github.com/,200,200,64,1,
2026-08-12T03:09:40.375183+00:00,Google,https://google.com,200,200,259,1,
2026-08-12T03:09:40.719821+00:00,Github,http://github.com/,200,200,344,1,
2026-08-12T04:58:54.630081+00:00,Google,https://google.com,200,200,285,1,
2026-08-12T04:58:55.209838+00:00,Github,http://github.com/,200,200,579,1,
2026-08-12T06:14:34.244037+00:00,Google,https://google.com,200,200,187,1,
2026-08-12T06:14:34.505622+00:00,Github,http://github.com/,200,200,261,1,
2026-08-12T07:52:55.954528+00:00,Google,https://google.com,200,200,335,1,
2026-08-12T07:52:56.260270+00:00,Github,http://github.com/,200,200,305,1,
2026-08-12T09:02:06.749783+00:00,Google,https://google.com,200,200,111,1,
2026-08-12T09:02:06.808383+00:00,Github,http://github.com/,200,200,58,1,
2026-08-12T10:17:59.919007+00:00,Google,https://google.com,200,200,144,1,
2026-08-12T10:17:59.984620+00:00,Github,http://github.com/,200,200,65,1,
2026-08-12T11:14:03.646995+00:00,Google,https://google.com,200,200,267,1,
2026-08-12T11:14:03.971779+00:00,Github,http://github.com/,200,200,324,1,
2026-08-12T11:59:01.675940+00:00,Google,https://google.com,200,200,136,1,
2026-08-12T11:59:01.728492+00:00,Github,http://github.com/,200,200,52,1,
2026-08-12T13:12:10.276845+00:00,Google,https://google.com,200,200,159,1,
2026-08-12T13:12:10.363112+00:00,Github,http://github.com/,200,200,86,1,
2026-08-12T14:31:25.339644+00:00,Google,https://google.com,200,200,304,1,
2026-08-12T14:31:25.709541+00:00,Github,http://github.com/,200,200,369,1,
2026-08-12T15:35:20.152857+00:00,Google,https://google.com,200,200,153,1,
2026-08-12T15:35:20.246568+00:00,Github,http://github.com/,200,200,93,1,
2026-08-12T16:32:51.310942+00:00,Google,https://google.com,200,200,248,1,
2026-08-12T16:32:51.658234+00:00,Github,http://github.com/,200,200,347,1,
2026-08-12T17:39:00.734314+00:00,Google,https://google.com,200,200,161,1,
2026-08-12T17:39:00.797219+00:00,Github,http://github.com/,200,200,62,1,
2026-08-12T18:33:21.018958+00:00,Google,https://google.com,200,200,558,1,
2026-08-12T18:33:21.642171+00:00,Github,http://github.com/,200,200,623,1,
2026-08-12T19:45:42.128953+00:00,Google,https://google.com,200,200,123,1,
2026-08-12T19:45:42.201029+00:00,Github,http://github.com/,200,200,72,1,
2026-08-12T20:34:38.194391+00:00,Google,https://google.com,200,200,168,1,
2026-08-12T20:34:38.427142+00:00,Github,http://github.com/,200,200,232,1,
2026-08-12T21:25:34.451930+00:00,Google,https://google.com,200,200,141,1,
2026-08-12T21:25:34.518903+00:00,Github,http://github.com/,200,200,66,1,
2026-08-12T22:08:18.311545+00:00,Google,https://google.com,200,200,291,1,
2026-08-12T22:08:18.656216+00:00,Github,http://github.com/,200,200,344,1,
2026-08-12T22:57:48.856748+00:00,Google,https://google.com,200,200,530,1,
2026-08-12T22:57:49.484009+00:00,Github,http://github.com/,200,200,627,1,
2026-08-12T23:38:36.850336+00:00,Google,https://google.com,200,200,303,1,
2026-08-12T23:38:37.170700+00:00,Github,http://github.com/,200,200,320,1,
2026-08-13T00:42:18.275237+00:00,Google,https://google.com,200,200,198,1,
2026-08-13T00:42:18.880090+00:00,Github,http://github.com/,200,200,604,1,
2026-08-13T03:12:59.321739+00:00,Google,https://google.com,200,200,209,1,
2026-08-13T03:12:59.410898+00:00,Github,http://github.com/,200,200,89,1,
2026-08-13T05:03:37.381312+00:00,Google,https://google.com,200,200,215,1,
2026-08-13T05:03:38.005857+00:00,Github,http://github.com/,200,200,624,1,
2026-08-13T06:42:17.377708+00:00,Google,https://google.com,200,200,258,1,
2026-08-13T06:42:17.812041+00:00,Github,http://github.com/,200,200,434,1,
2026-08-13T08:04:17.610517+00:00,Google,https://google.com,200,200,248,1,
2026-08-13T08:04:17.942221+00:00,Github,http://github.com/,200,200,331,1,
2026-08-13T09:30:59.286920+00:00,Google,https://google.com,200,200,140,1,
2026-08-13T09:30:59.338362+00:00,Github,http://github.com/,200,200,51,1,
2026-08-13T10:42:16.823878+00:00,Google,https://google.com,200,200,321,1,
2026-08-13T10:42:17.422983+00:00,Github,http://github.com/,200,200,599,1,
2026-08-13T11:26:59.883430+00:00,Google,https://google.com,200,200,250,1,
2026-08-13T11:27:00.212181+00:00,Github,http://github.com/,200,200,328,1,
2026-08-13T12:07:46.147097+00:00,Google,https://google.com,200,200,508,1,
2026-08-13T12:07:46.762502+00:00,Github,http://github.com/,200,200,615,1,
2026-08-13T13:43:02.045578+00:00,Google,https://google.com,200,200,270,1,
2026-08-13T13:43:02.420311+00:00,Github,http://github.com/,200,200,374,1,
2026-08-13T14:43:39.128363+00:00,Google,https://google.com,200,200,200,1,
2026-08-13T14:43:39.389206+00:00,Github,http://github.com/,200,200,260,1,
2026-08-13T15:38:24.201927+00:00,Google,https://google.com,200,200,196,1,
2026-08-13T15:38:24.443690+00:00,Github,http://github.com/,200,200,241,1,
2026-08-13T16:32:25.147685+00:00,Google,https://google.com,200,200,259,1,
2026-08-13T16:32:25.501800+00:00,Github,http://github.com/,200,200,354,1,
2026-08-13T17:39:03.569836+00:00,Google,https://google.com,200,200,196,1,
2026-08-13T17:39:03.616054+00:00,Github,http://github.com/,200,200,46,1,
2026-08-13T18:34:54.807031+00:00,Google,https://google.com,200,200,152,1,
2026-08-13T18:34:55.461448+00:00,Github,http://github.com/,200,200,654,1,
2026-08-13T19:42:09.085917+00:00,Google,https://google.com,200,200,147,1,
2026-08-13T19:42:09.160693+00:00,Github,http://github.com/,200,200,74,1,
2026-08-13T20:19:44.326241+00:00,Google,https://google.com,200,200,238,1,
2026-08-13T20:19:44.903571+00:00,Github,http://github.com/,200,200,577,1,
2026-08-13T21:10:30.594275+00:00,Google,https://google.com,200,200,149,1,
2026-08-13T21:10:30.698852+00:00,Github,http://github.com/,200,200,104,1,
2026-08-13T22:00:09.076266+00:00,Google,https://google.com,200,200,152,1,
2026-08-13T22:00:09.745868+00:00,Github,http://github.com/,200,200,669,1,
2026-08-13T22:58:43.689702+00:00,Google,https://google.com,200,200,114,1,
2026-08-13T22:58:43.760481+00:00,Github,http://github.com/,200,200,70,1,
2026-08-13T23:41:16.002148+00:00,Google,https://google.com,200,200,162,1,
2026-08-13T23:41:16.100462+00:00,Github,http://github.com/,200,200,98,1,
2026-08-14T00:42:17.144992+00:00,Google,https://google.com,200,200,256,1,
2026-08-14T00:42:17.461742+00:00,Github,http://github.com/,200,200,316,1,
2026-08-14T03:11:44.757934+00:00,Google,https://google.com,200,200,210,1,
2026-08-14T03:11:45.051574+00:00,Github,http://github.com/,200,200,293,1,
2026-08-14T05:00:05.329525+00:00,Google,https://google.com,200,200,175,1,
2026-08-14T05:00:05.942873+00:00,Github,http://github.com/,200,200,613,1,
2026-08-14T06:17:14.105467+00:00,Google,https://google.com,200,200,270,1,
2026-08-14T06:17:14.504330+00:00,Github,http://github.com/,200,200,398,1,
2026-08-14T07:55:38.390428+00:00,Google,https://google.com,200,200,155,1,
2026-08-14T07:55:38.619404+00:00,Github,http://github.com/,200,200,228,1,
2026-08-14T09:00:21.532082+00:00,Google,https://google.com,200,200,269,1,
2026-08-14T09:00:22.084566+00:00,Github,http://github.com/,200,200,552,1,
2026-08-14T10:14:30.287684+00:00,Google,https://google.com,200,200,272,1,
2026-08-14T10:14:30.516990+00:00,Github,http://github.com/,200,200,229,1,
2026-08-14T11:08:15.605715+00:00,Google,https://google.com,200,200,178,1,
2026-08-14T11:08:16.229641+00:00,Github,http://github.com/,200,200,623,1,
2026-08-14T11:54:18.153274+00:00,Google,https://google.com,200,200,279,1,
2026-08-14T11:54:18.536446+00:00,Github,http://github.com/,200,200,383,1,
2026-08-14T12:42:39.213753+00:00,Google,https://google.com,200,200,159,1,
2026-08-14T12:42:39.313155+00:00,Github,http://github.com/,200,200,99,1,
2026-08-14T14:02:03.665016+00:00,Google,https://google.com,200,200,169,1,
2026-08-14T14:02:03.755910+00:00,Github,http://github.com/,200,200,90,1,
2026-08-14T15:05:01.028883+00:00,Google,https://google.com,200,200,197,1,
2026-08-14T15:05:01.118761+00:00,Github,http://github.com/,200,200,89,1,
2026-08-14T16:03:27.186884+00:00,Google,https://google.com,200,200,237,1,
2026-08-14T16:03:27.411131+00:00,Github,http://github.com/,200,200,224,1,
2026-08-14T17:08:33.304158+00:00,Google,https://google.com,200,200,256,1,
2026-08-14T17:08:33.932212+00:00,Github,http://github.com/,200,200,628,1,
2026-08-14T18:03:58.579561+00:00,Google,https://google.com,200,200,218,1,
2026-08-14T18:03:58.806737+00:00,Github,http://github.com/,200,200,227,1,
2026-08-14T19:11:06.285423+00:00,Google,https://google.com,200,200,138,1,
2026-08-14T19:11:06.339520+00:00,Github,http://github.com/,200,200,54,1,
2026-08-14T19:54:29.754695+00:00,Google,https://google.com,200,200,115,1,
2026-08-14T19:54:29.811442+00:00,Github,http://github.com/,200,200,56,1,
2026-08-14T20:21:55.914617+00:00,Google,https://google.com,200,200,146,1,
2026-08-14T20:21:56.571138+00:00,Github,http://github.com/,200,200,656,1,
2026-08-14T20:52:39.390283+00:00,Google,https://google.com,200,200,341,1,
2026-08-14T20:52:39.735679+00:00,Github,http://github.com/,200,200,345,1,
2026-08-14T21:16:30.413738+00:00,Google,https://google.com,200,200,293,1,
2026-08-14T21:16:30.719586+00:00,Github,http://github.com/,200,200,305,1,
2026-08-14T21:46:06.567462+00:00,Google,https://google.com,200,200,253,1,
2026-08-14T21:46:06.913294+00:00,Github,http://github.com/,200,200,345,1,
2026-08-14T22:13:08.250327+00:00,Google,https://google.com,200,200,118,1,
2026-08-14T22:13:08.303095+00:00,Github,http://github.com/,200,200,52,1,
2026-08-14T22:39:55.641120+00:00,Google,https://google.com,200,200,163,1,
2026-08-14T22:39:55.740810+00:00,Github,http://github.com/,200,200,99,1,
2026-08-14T22:57:23.876513+00:00,Google,https://google.com,200,200,303,1,
2026-08-14T22:57:24.181293+00:00,Github,http://github.com/,200,200,304,1,
2026-08-14T23:18:24.531763+00:00,Google,https://google.com,200,200,282,1,
2026-08-14T23:18:25.112570+00:00,Github,http://github.com/,200,200,580,1,
2026-08-14T23:43:59.996604+00:00,Google,https://google.com,200,200,179,1,
2026-08-14T23:44:00.635619+00:00,Github,http://github.com/,200,200,638,1,
2026-08-14T23:59:38.437275+00:00,Google,https://google.com,200,200,238,1,
2026-08-14T23:59:38.669957+00:00,Github,http://github.com/,200,200,232,1,
2026-08-15T01:22:54.242557+00:00,Google,https://google.com,200,200,172,1,
2026-08-15T01:22:54.356520+00:00,Github,http://github.com/,200,200,113,1,
2026-08-15T02:29:27.543507+00:00,Google,https://google.com,200,200,171,1,
2026-08-15T02:29:28.158689+00:00,Github,http://github.com/,200,200,615,1,
2026-08-15T03:12:27.549284+00:00,Google,https://google.com,200,200,162,1,
2026-08-15T03:12:27.789419+00:00,Github,http://github.com/,200,200,240,1,
2026-08-15T03:53:02.592728+00:00,Google,https://google.com,200,200,169,1,
2026-08-15T03:53:02.839353+00:00,Github,http://github.com/,200,200,246,1,
2026-08-15T04:20:48.697283+00:00,Google,https://google.com,200,200,155,1,
2026-08-15T04:20:48.783885+00:00,Github,http://github.com/,200,200,86,1,
2026-08-15T04:53:44.411231+00:00,Google,https://google.com,200,200,164,1,
2026-08-15T04:53:45.020936+00:00,Github,http://github.com/,200,200,609,1,
2026-08-15T05:16:56.267557+00:00,Google,https://google.com,200,200,208,1,
2026-08-15T05:16:56.498612+00:00,Github,http://github.com/,200,200,231,1,
2026-08-15T05:47:47.340783+00:00,Google,https://google.com,200,200,155,1,
2026-08-15T05:47:47.386136+00:00,Github,http://github.com/,200,200,45,1,
2026-08-15T06:21:03.949102+00:00,Google,https://google.com,200,200,142,1,
2026-08-15T06:21:04.049117+00:00,Github,http://github.com/,200,200,99,1,
2026-08-15T07:04:38.100158+00:00,Google,https://google.com,200,200,459,1,
2026-08-15T07:04:38.474316+00:00,Github,http://github.com/,200,200,374,1,
2026-08-15T07:40:54.919106+00:00,Google,https://google.com,200,200,189,1,
2026-08-15T07:40:54.997206+00:00,Github,http://github.com/,200,200,78,1,
2026-08-15T07:58:02.872241+00:00,Google,https://google.com,200,200,143,1,
2026-08-15T07:58:02.928262+00:00,Github,http://github.com/,200,200,55,1,
2026-08-15T08:25:55.270487+00:00,Google,https://google.com,200,200,331,1,
2026-08-15T08:25:55.855516+00:00,Github,http://github.com/,200,200,584,1,
2026-08-15T08:52:47.803927+00:00,Google,https://google.com,200,200,154,1,
2026-08-15T08:52:48.020403+00:00,Github,http://github.com/,200,200,216,1,
2026-08-15T09:16:49.418305+00:00,Google,https://google.com,200,200,116,1,
2026-08-15T09:16:49.490383+00:00,Github,http://github.com/,200,200,72,1,
2026-08-15T09:47:19.552503+00:00,Google,https://google.com,200,200,156,1,
2026-08-15T09:47:19.778779+00:00,Github,http://github.com/,200,200,226,1,
2026-08-15T10:13:21.148929+00:00,Google,https://google.com,200,200,170,1,
2026-08-15T10:13:21.391762+00:00,Github,http://github.com/,200,200,242,1,
2026-08-15T10:38:07.911449+00:00,Google,https://google.com,200,200,105,1,
2026-08-15T10:38:07.963501+00:00,Github,http://github.com/,200,200,52,1,
2026-08-15T10:56:27.210528+00:00,Google,https://google.com,200,200,290,1,
2026-08-15T10:56:27.715223+00:00,Github,http://github.com/,200,200,504,1,
2026-08-15T11:14:20.939603+00:00,Google,https://google.com,200,200,149,1,
2026-08-15T11:14:20.996430+00:00,Github,http://github.com/,200,200,56,1,
2026-08-15T11:33:44.487843+00:00,Google,https://google.com,200,200,204,1,
2026-08-15T11:33:44.702611+00:00,Github,http://github.com/,200,200,214,1,
2026-08-15T11:54:09.794968+00:00,Google,https://google.com,200,200,188,1,
2026-08-15T11:54:10.007157+00:00,Github,http://github.com/,200,200,212,1,
2026-08-15T12:18:32.415151+00:00,Google,https://google.com,200,200,109,1,
2026-08-15T12:18:32.462098+00:00,Github,http://github.com/,200,200,46,1,
2026-08-15T13:05:18.851021+00:00,Google,https://google.com,200,200,150,1,
2026-08-15T13:05:18.944243+00:00,Github,http://github.com/,200,200,93,1,
2026-08-15T13:40:32.287583+00:00,Google,https://google.com,200,200,163,1,
2026-08-15T13:40:32.382719+00:00,Github,http://github.com/,200,200,95,1,
2026-08-15T13:57:18.111316+00:00,Google,https://google.com,200,200,150,1,
2026-08-15T13:57:18.338098+00:00,Github,http://github.com/,200,200,226,1,
2026-08-15T14:17:53.852199+00:00,Google,https://google.com,200,200,159,1,
2026-08-15T14:17:54.533295+00:00,Github,http://github.com/,200,200,681,1,
2026-08-15T14:44:54.574227+00:00,Google,https://google.com,200,200,194,1,
2026-08-15T14:44:54.795432+00:00,Github,http://github.com/,200,200,221,1,
2026-08-15T14:59:17.062782+00:00,Google,https://google.com,200,200,145,1,
2026-08-15T14:59:17.115791+00:00,Github,http://github.com/,200,200,52,1,
2026-08-15T15:22:31.106693+00:00,Google,https://google.com,200,200,311,1,
2026-08-15T15:22:31.481083+00:00,Github,http://github.com/,200,200,374,1,
2026-08-15T15:42:02.384647+00:00,Google,https://google.com,200,200,143,1,
2026-08-15T15:42:02.446425+00:00,Github,http://github.com/,200,200,61,1,
2026-08-15T15:56:00.487194+00:00,Google,https://google.com,200,200,157,1,
2026-08-15T15:56:00.732573+00:00,Github,http://github.com/,200,200,245,1,
2026-08-15T16:15:19.816776+00:00,Google,https://google.com,200,200,159,1,
2026-08-15T16:15:19.915891+00:00,Github,http://github.com/,200,200,99,1,
2026-08-15T16:46:58.375204+00:00,Google,https://google.com,200,200,259,1,
2026-08-15T16:46:58.928437+00:00,Github,http://github.com/,200,200,553,1,
2026-08-15T17:12:38.836995+00:00,Google,https://google.com,200,200,237,1,
2026-08-15T17:12:39.266564+00:00,Github,http://github.com/,200,200,429,1,
2026-08-15T17:34:03.837003+00:00,Google,https://google.com,200,200,266,1,
2026-08-15T17:34:04.440247+00:00,Github,http://github.com/,200,200,603,1,
2026-08-15T17:54:55.061418+00:00,Google,https://google.com,200,200,160,1,
2026-08-15T17:54:55.127560+00:00,Github,http://github.com/,200,200,66,1,
2026-08-15T18:15:02.466967+00:00,Google,https://google.com,200,200,213,1,
2026-08-15T18:15:03.119955+00:00,Github,http://github.com/,200,200,652,1,
2026-08-15T18:48:32.122093+00:00,Google,https://google.com,200,200,220,1,
2026-08-15T18:48:32.706672+00:00,Github,http://github.com/,200,200,584,1,
2026-08-15T19:14:45.338974+00:00,Google,https://google.com,200,200,171,1,
2026-08-15T19:14:45.556239+00:00,Github,http://github.com/,200,200,217,1,
2026-08-15T19:34:56.789104+00:00,Google,https://google.com,200,200,146,1,
2026-08-15T19:34:56.896434+00:00,Github,http://github.com/,200,200,107,1,
2026-08-15T19:53:22.109419+00:00,Google,https://google.com,200,200,147,1,
2026-08-15T19:53:22.235760+00:00,Github,http://github.com/,200,200,126,1,
2026-08-15T20:11:56.928130+00:00,Google,https://google.com,200,200,221,1,
2026-08-15T20:11:57.216576+00:00,Github,http://github.com/,200,200,288,1,
2026-08-15T20:37:04.988642+00:00,Google,https://google.com,200,200,150,1,
2026-08-15T20:37:05.050654+00:00,Github,http://github.com/,200,200,61,1,
2026-08-15T20:57:12.801369+00:00,Google,https://google.com,200,200,163,1,
2026-08-15T20:57:12.899237+00:00,Github,http://github.com/,200,200,97,1,
2026-08-15T21:17:02.654055+00:00,Google,https://google.com,200,200,122,1,
2026-08-15T21:17:02.702863+00:00,Github,http://github.com/,200,200,48,1,
2026-08-15T21:42:18.937747+00:00,Google,https://google.com,200,200,112,1,
2026-08-15T21:42:18.985840+00:00,Github,http://github.com/,200,200,48,1,
2026-08-15T21:56:04.605597+00:00,Google,https://google.com,200,200,172,1,
2026-08-15T21:56:04.830963+00:00,Github,http://github.com/,200,200,225,1,
2026-08-15T22:13:32.121918+00:00,Google,https://google.com,200,200,215,1,
2026-08-15T22:13:32.745727+00:00,Github,http://github.com/,200,200,623,1,
2026-08-15T22:36:45.880476+00:00,Google,https://google.com,200,200,123,1,
2026-08-15T22:36:45.934733+00:00,Github,http://github.com/,200,200,54,1,
2026-08-15T22:56:13.676507+00:00,Google,https://google.com,200,200,200,1,
2026-08-15T22:56:14.321693+00:00,Github,http://github.com/,200,200,645,1,
2026-08-15T23:13:33.995726+00:00,Google,https://google.com,200,200,160,1,
2026-08-15T23:13:34.239706+00:00,Github,http://github.com/,200,200,243,1,
2026-08-15T23:34:12.615691+00:00,Google,https://google.com,200,200,138,1,
2026-08-15T23:34:12.713123+00:00,Github,http://github.com/,200,200,97,1,
2026-08-15T23:54:57.280866+00:00,Google,https://google.com,200,200,153,1,
2026-08-15T23:54:57.335049+00:00,Github,http://github.com/,200,200,54,1,
2026-08-16T00:44:17.063583+00:00,Google,https://google.com,200,200,277,1,
2026-08-16T00:44:17.383267+00:00,Github,http://github.com/,200,200,319,1,
2026-08-16T02:10:21.449188+00:00,Google,https://google.com,200,200,194,1,
2026-08-16T02:10:21.535831+00:00,Github,http://github.com/,200,200,86,1,
2026-08-16T03:11:02.763197+00:00,Google,https://google.com,200,200,183,1,
2026-08-16T03:11:02.801005+00:00,Github,http://github.com/,200,200,37,1,
2026-08-16T03:57:05.051973+00:00,Google,https://google.com,200,200,187,1,
2026-08-16T03:57:05.306728+00:00,Github,http://github.com/,200,200,254,1,
2026-08-16T04:31:07.849698+00:00,Google,https://google.com,200,200,299,1,
2026-08-16T04:31:08.168084+00:00,Github,http://github.com/,200,200,318,1,
2026-08-16T05:04:24.119088+00:00,Google,https://google.com,200,200,184,1,
2026-08-16T05:04:24.224690+00:00,Github,http://github.com/,200,200,105,1,
2026-08-16T05:39:19.783063+00:00,Google,https://google.com,200,200,429,1,
2026-08-16T05:39:20.064032+00:00,Github,http://github.com/,200,200,280,1,
2026-08-16T05:59:34.423269+00:00,Google,https://google.com,200,200,181,1,
2026-08-16T05:59:34.536838+00:00,Github,http://github.com/,200,200,113,1,
2026-08-16T06:43:05.686047+00:00,Google,https://google.com,200,200,154,1,
2026-08-16T06:43:06.340855+00:00,Github,http://github.com/,200,200,654,1,
2026-08-16T07:17:54.416286+00:00,Google,https://google.com,200,200,177,1,
2026-08-16T07:17:54.640152+00:00,Github,http://github.com/,200,200,223,1,
2026-08-16T07:51:19.347058+00:00,Google,https://google.com,200,200,300,1,
2026-08-16T07:51:19.677570+00:00,Github,http://github.com/,200,200,330,1,
2026-08-16T08:17:20.842581+00:00,Google,https://google.com,200,200,238,1,
2026-08-16T08:17:21.204306+00:00,Github,http://github.com/,200,200,361,1,
2026-08-16T08:53:50.358037+00:00,Google,https://google.com,200,200,158,1,
2026-08-16T08:53:50.641974+00:00,Github,http://github.com/,200,200,283,1,
2026-08-16T09:18:25.882044+00:00,Google,https://google.com,200,200,117,1,
2026-08-16T09:18:25.928055+00:00,Github,http://github.com/,200,200,45,1,
2026-08-16T09:48:43.914365+00:00,Google,https://google.com,200,200,151,1,
2026-08-16T09:48:43.984919+00:00,Github,http://github.com/,200,200,70,1,
2026-08-16T10:14:00.098815+00:00,Google,https://google.com,200,200,179,1,
2026-08-16T10:14:00.184357+00:00,Github,http://github.com/,200,200,85,1,
2026-08-16T10:40:00.504361+00:00,Google,https://google.com,200,200,150,1,
2026-08-16T10:40:00.714491+00:00,Github,http://github.com/,200,200,210,1,
2026-08-16T10:57:11.074862+00:00,Google,https://google.com,200,200,168,1,
2026-08-16T10:57:11.730808+00:00,Github,http://github.com/,200,200,655,1,
2026-08-16T11:16:35.197539+00:00,Google,https://google.com,200,200,176,1,
2026-08-16T11:16:35.410909+00:00,Github,http://github.com/,200,200,213,1,
2026-08-16T11:41:40.492838+00:00,Google,https://google.com,200,200,151,1,
2026-08-16T11:41:41.129197+00:00,Github,http://github.com/,200,200,636,1,
2026-08-16T11:56:02.312228+00:00,Google,https://google.com,200,200,151,1,
2026-08-16T11:56:02.532786+00:00,Github,http://github.com/,200,200,220,1,
2026-08-16T12:25:26.703777+00:00,Google,https://google.com,200,200,147,1,
2026-08-16T12:25:26.935665+00:00,Github,http://github.com/,200,200,231,1,
2026-08-16T13:07:13.736974+00:00,Google,https://google.com,200,200,157,1,
2026-08-16T13:07:14.324263+00:00,Github,http://github.com/,200,200,587,1,
2026-08-16T13:42:14.089319+00:00,Google,https://google.com,200,200,154,1,
2026-08-16T13:42:14.326200+00:00,Github,http://github.com/,200,200,236,1,
2026-08-16T13:58:33.593634+00:00,Google,https://google.com,200,200,168,1,
2026-08-16T13:58:34.283590+00:00,Github,http://github.com/,200,200,689,1,
2026-08-16T14:22:04.623592+00:00,Google,https://google.com,200,200,255,1,
2026-08-16T14:22:05.218310+00:00,Github,http://github.com/,200,200,594,1,
2026-08-16T14:45:23.182248+00:00,Google,https://google.com,200,200,116,1,
2026-08-16T14:45:23.229555+00:00,Github,http://github.com/,200,200,47,1,
2026-08-16T15:12:21.327036+00:00,Google,https://google.com,200,200,242,1,
2026-08-16T15:12:21.903033+00:00,Github,http://github.com/,200,200,575,1,
2026-08-16T15:34:38.122626+00:00,Google,https://google.com,200,200,177,1,
2026-08-16T15:34:38.766917+00:00,Github,http://github.com/,200,200,644,1,
2026-08-16T15:55:00.293552+00:00,Google,https://google.com,200,200,178,1,
2026-08-16T15:55:00.377944+00:00,Github,http://github.com/,200,200,84,1,
2026-08-16T16:13:34.171432+00:00,Google,https://google.com,200,200,181,1,
2026-08-16T16:13:34.817093+00:00,Github,http://github.com/,200,200,645,1,
2026-08-16T16:42:05.204074+00:00,Google,https://google.com,200,200,113,1,
2026-08-16T16:42:05.274795+00:00,Github,http://github.com/,200,200,70,1,
2026-08-16T16:59:15.492900+00:00,Google,https://google.com,200,200,165,1,
2026-08-16T16:59:15.561905+00:00,Github,http://github.com/,200,200,68,1,
2026-08-16T17:20:33.454776+00:00,Google,https://google.com,200,200,138,1,
2026-08-16T17:20:33.500438+00:00,Github,http://github.com/,200,200,45,1,
2026-08-16T17:41:22.031825+00:00,Google,https://google.com,200,200,150,1,
2026-08-16T17:41:22.114157+00:00,Github,http://github.com/,200,200,82,1,
2026-08-16T17:54:44.724193+00:00,Google,https://google.com,200,200,164,1,
2026-08-16T17:54:44.815249+00:00,Github,http://github.com/,200,200,91,1,
2026-08-16T18:15:00.782376+00:00,Google,https://google.com,200,200,180,1,
2026-08-16T18:15:01.409035+00:00,Github,http://github.com/,200,200,626,1,
2026-08-16T18:47:29.160364+00:00,Google,https://google.com,200,200,193,1,
2026-08-16T18:47:29.448397+00:00,Github,http://github.com/,200,200,287,1,
2026-08-16T19:14:10.301079+00:00,Google,https://google.com,200,200,162,1,
2026-08-16T19:14:10.516196+00:00,Github,http://github.com/,200,200,215,1,
2026-08-16T19:33:31.934185+00:00,Google,https://google.com,200,200,167,1,
2026-08-16T19:33:32.151910+00:00,Github,http://github.com/,200,200,217,1,
2026-08-16T19:52:22.019024+00:00,Google,https://google.com,200,200,131,1,
2026-08-16T19:52:22.082448+00:00,Github,http://github.com/,200,200,63,1,
2026-08-16T20:11:27.542893+00:00,Google,https://google.com,200,200,150,1,
2026-08-16T20:11:27.594966+00:00,Github,http://github.com/,200,200,52,1,
2026-08-16T20:35:58.673564+00:00,Google,https://google.com,200,200,178,1,
2026-08-16T20:35:58.777256+00:00,Github,http://github.com/,200,200,103,1,
2026-08-16T20:56:02.489061+00:00,Google,https://google.com,200,200,229,1,
2026-08-16T20:56:02.556191+00:00,Github,http://github.com/,200,200,67,1,
2026-08-16T21:13:19.741634+00:00,Google,https://google.com,200,200,108,1,
2026-08-16T21:13:19.789063+00:00,Github,http://github.com/,200,200,47,1,
2026-08-16T21:33:38.703570+00:00,Google,https://google.com,200,200,163,1,
2026-08-16T21:33:38.921109+00:00,Github,http://github.com/,200,200,217,1,
2026-08-16T21:54:08.103436+00:00,Google,https://google.com,200,200,157,1,
2026-08-16T21:54:08.325245+00:00,Github,http://github.com/,200,200,221,1,
2026-08-16T22:11:22.032949+00:00,Google,https://google.com,200,200,155,1,
2026-08-16T22:11:22.253419+00:00,Github,http://github.com/,200,200,220,1,
2026-08-16T22:34:53.453199+00:00,Google,https://google.com,200,429,517,0,HTTPError: HTTP Error 429: Too Many Requests
2026-08-16T22:34:53.522007+00:00,Github,http://github.com/,200,200,68,1,
2026-08-16T22:55:21.814143+00:00,Google,https://google.com,200,200,253,1,
2026-08-16T22:55:22.155961+00:00,Github,http://github.com/,200,200,341,1,
2026-08-16T23:11:32.060972+00:00,Google,https://google.com,200,200,169,1,
2026-08-16T23:11:32.361410+00:00,Github,http://github.com/,200,200,300,1,
2026-08-16T23:32:33.709601+00:00,Google,https://google.com,200,200,222,1,
2026-08-16T23:32:33.948696+00:00,Github,http://github.com/,200,200,239,1,
2026-08-16T23:54:20.386946+00:00,Google,https://google.com,200,200,149,1,
2026-08-16T23:54:21.089287+00:00,Github,http://github.com/,200,200,702,1,
2026-08-17T00:41:59.445736+00:00,Google,https://google.com,200,200,118,1,
2026-08-17T00:41:59.501002+00:00,Github,http://github.com/,200,200,55,1,
2026-08-17T02:08:08.659512+00:00,Google,https://google.com,200,200,211,1,
2026-08-17T02:08:09.114630+00:00,Github,http://github.com/,200,200,455,1,
2026-08-17T03:10:47.201686+00:00,Google,https://google.com,200,200,176,1,
2026-08-17T03:10:47.263185+00:00,Github,http://github.com/,200,200,61,1,
2026-08-17T03:59:34.529599+00:00,Google,https://google.com,200,200,146,1,
2026-08-17T03:59:34.622428+00:00,Github,http://github.com/,200,200,92,1,
2026-08-17T04:45:04.348708+00:00,Google,https://google.com,200,200,220,1,
2026-08-17T04:45:04.433581+00:00,Github,http://github.com/,200,200,84,1,
2026-08-17T05:21:26.129939+00:00,Google,https://google.com,200,200,162,1,
2026-08-17T05:21:26.169957+00:00,Github,http://github.com/,200,200,39,1,
2026-08-17T05:57:09.736915+00:00,Google,https://google.com,200,200,141,1,
2026-08-17T05:57:09.792672+00:00,Github,http://github.com/,200,200,55,1,
2026-08-17T06:46:49.216368+00:00,Google,https://google.com,200,200,144,1,
2026-08-17T06:46:49.311191+00:00,Github,http://github.com/,200,200,94,1,
2026-08-17T07:43:18.127339+00:00,Google,https://google.com,200,200,110,1,
2026-08-17T07:43:18.182677+00:00,Github,http://github.com/,200,200,55,1,
2026-08-17T08:24:03.192835+00:00,Google,https://google.com,200,200,286,1,
2026-08-17T08:24:03.520318+00:00,Github,http://github.com/,200,200,327,1,
2026-08-17T09:05:49.568363+00:00,Google,https://google.com,200,200,143,1,
2026-08-17T09:05:49.671443+00:00,Github,http://github.com/,200,200,103,1,
2026-08-17T09:54:40.706653+00:00,Google,https://google.com,200,200,122,1,
2026-08-17T09:54:40.757842+00:00,Github,http://github.com/,200,200,51,1,
2026-08-17T10:22:18.432291+00:00,Google,https://google.com,200,200,116,1,
2026-08-17T10:22:18.481456+00:00,Github,http://github.com/,200,200,49,1,
2026-08-17T10:54:22.894789+00:00,Google,https://google.com,200,200,168,1,
2026-08-17T10:54:23.183950+00:00,Github,http://github.com/,200,200,289,1,
2026-08-17T11:16:33.531910+00:00,Google,https://google.com,200,200,114,1,
2026-08-17T11:16:33.589707+00:00,Github,http://github.com/,200,200,57,1,
2026-08-17T11:47:13.600312+00:00,Google,https://google.com,200,200,219,1,
2026-08-17T11:47:14.022092+00:00,Github,http://github.com/,200,200,421,1,
2026-08-17T12:24:06.558747+00:00,Google,https://google.com,200,200,190,1,
2026-08-17T12:24:06.609830+00:00,Github,http://github.com/,200,200,51,1,
2026-08-17T13:13:17.949064+00:00,Google,https://google.com,200,200,311,1,
2026-08-17T13:13:18.291989+00:00,Github,http://github.com/,200,200,342,1,
2026-08-17T13:52:25.608426+00:00,Google,https://google.com,200,200,145,1,
2026-08-17T13:52:26.249035+00:00,Github,http://github.com/,200,200,640,1,
2026-08-17T14:18:00.627931+00:00,Google,https://google.com,200,200,159,1,
2026-08-17T14:18:01.387090+00:00,Github,http://github.com/,200,200,759,1,
2026-08-17T14:51:19.344588+00:00,Google,https://google.com,200,200,194,1,
2026-08-17T14:51:19.562749+00:00,Github,http://github.com/,200,200,218,1,
2026-08-17T15:16:32.857023+00:00,Google,https://google.com,200,200,264,1,
2026-08-17T15:16:33.196402+00:00,Github,http://github.com/,200,200,339,1,
2026-08-17T15:46:42.475242+00:00,Google,https://google.com,200,200,170,1,
2026-08-17T15:46:43.094607+00:00,Github,http://github.com/,200,200,619,1,
2026-08-17T16:16:26.468884+00:00,Google,https://google.com,200,200,142,1,
2026-08-17T16:16:26.524137+00:00,Github,http://github.com/,200,200,55,1,
2026-08-17T16:52:00.441746+00:00,Google,https://google.com,200,200,224,1,
2026-08-17T16:52:00.544414+00:00,Github,http://github.com/,200,200,102,1,
2026-08-17T17:18:04.111645+00:00,Google,https://google.com,200,200,197,1,
2026-08-17T17:18:04.338667+00:00,Github,http://github.com/,200,200,226,1,
2026-08-17T17:52:01.891231+00:00,Google,https://google.com,200,200,202,1,
2026-08-17T17:52:01.940950+00:00,Github,http://github.com/,200,200,49,1,
2026-08-17T18:24:14.004828+00:00,Google,https://google.com,200,200,197,1,
2026-08-17T18:24:14.224801+00:00,Github,http://github.com/,200,200,219,1,
2026-08-17T19:05:43.792714+00:00,Google,https://google.com,200,200,131,1,
2026-08-17T19:05:43.876458+00:00,Github,http://github.com/,200,200,83,1,
2026-08-17T19:38:40.618486+00:00,Google,https://google.com,200,200,158,1,
2026-08-17T19:38:40.700850+00:00,Github,http://github.com/,200,200,82,1,
2026-08-17T19:56:56.726007+00:00,Google,https://google.com,200,200,206,1,
2026-08-17T19:56:56.962605+00:00,Github,http://github.com/,200,200,236,1,
2026-08-17T20:20:27.820561+00:00,Google,https://google.com,200,200,307,1,
2026-08-17T20:20:28.276146+00:00,Github,http://github.com/,200,200,455,1,
2026-08-17T20:50:22.748655+00:00,Google,https://google.com,200,200,118,1,
2026-08-17T20:50:22.800501+00:00,Github,http://github.com/,200,200,51,1,
2026-08-17T21:16:38.468090+00:00,Google,https://google.com,200,200,295,1,
2026-08-17T21:16:38.821949+00:00,Github,http://github.com/,200,200,353,1,
2026-08-17T21:46:47.842383+00:00,Google,https://google.com,200,200,170,1,
2026-08-17T21:46:48.434513+00:00,Github,http://github.com/,200,200,592,1,
2026-08-17T22:14:21.078651+00:00,Google,https://google.com,200,200,165,1,
2026-08-17T22:14:21.323943+00:00,Github,http://github.com/,200,200,245,1,
2026-08-17T22:41:38.038363+00:00,Google,https://google.com,200,200,163,1,
2026-08-17T22:41:38.093505+00:00,Github,http://github.com/,200,200,55,1,
2026-08-17T22:58:53.015155+00:00,Google,https://google.com,200,200,189,1,
2026-08-17T22:58:53.274002+00:00,Github,http://github.com/,200,200,258,1,
2026-08-17T23:22:55.556894+00:00,Google,https://google.com,200,200,164,1,
2026-08-17T23:22:55.842100+00:00,Github,http://github.com/,200,200,285,1,
2026-08-17T23:43:47.052296+00:00,Google,https://google.com,200,200,358,1,
2026-08-17T23:43:47.463112+00:00,Github,http://github.com/,200,200,410,1,
2026-08-17T23:58:15.608558+00:00,Google,https://google.com,200,200,263,1,
2026-08-17T23:58:15.920485+00:00,Github,http://github.com/,200,200,311,1,
2026-08-18T01:10:13.146310+00:00,Google,https://google.com,200,200,182,1,
2026-08-18T01:10:13.360138+00:00,Github,http://github.com/,200,200,213,1,
2026-08-18T02:20:05.673255+00:00,Google,https://google.com,200,200,256,1,
2026-08-18T02:20:06.141157+00:00,Github,http://github.com/,200,200,467,1,
2026-08-18T03:13:56.750595+00:00,Google,https://google.com,200,200,225,1,
2026-08-18T03:13:57.387192+00:00,Github,http://github.com/,200,200,636,1,
2026-08-18T03:57:37.155568+00:00,Google,https://google.com,200,200,171,1,
2026-08-18T03:57:37.245394+00:00,Github,http://github.com/,200,200,89,1,
2026-08-18T04:32:22.908568+00:00,Google,https://google.com,200,200,154,1,
2026-08-18T04:32:22.987101+00:00,Github,http://github.com/,200,200,78,1,
2026-08-18T05:06:22.873036+00:00,Google,https://google.com,200,200,224,1,
2026-08-18T05:06:23.454032+00:00,Github,http://github.com/,200,200,580,1,
2026-08-18T05:42:45.476017+00:00,Google,https://google.com,200,200,250,1,
2026-08-18T05:42:46.053391+00:00,Github,http://github.com/,200,200,577,1,
2026-08-18T06:01:03.030754+00:00,Google,https://google.com,200,200,182,1,
2026-08-18T06:01:03.675696+00:00,Github,http://github.com/,200,200,644,1,
2026-08-18T07:01:03.485310+00:00,Google,https://google.com,200,200,147,1,
2026-08-18T07:01:03.757259+00:00,Github,http://github.com/,200,200,271,1,
2026-08-18T07:50:32.855312+00:00,Google,https://google.com,200,200,185,1,
2026-08-18T07:50:32.955465+00:00,Github,http://github.com/,200,200,100,1,
2026-08-18T08:24:09.540249+00:00,Google,https://google.com,200,200,276,1,
2026-08-18T08:24:09.952100+00:00,Github,http://github.com/,200,200,411,1,
2026-08-18T09:00:55.153634+00:00,Google,https://google.com,200,200,143,1,
2026-08-18T09:00:55.292342+00:00,Github,http://github.com/,200,200,138,1,
2026-08-18T09:46:27.087078+00:00,Google,https://google.com,200,200,144,1,
2026-08-18T09:46:27.794214+00:00,Github,http://github.com/,200,200,707,1,
2026-08-18T10:18:21.865680+00:00,Google,https://google.com,200,200,138,1,
2026-08-18T10:18:21.914442+00:00,Github,http://github.com/,200,200,48,1,
2026-08-18T10:52:58.984394+00:00,Google,https://google.com,200,200,155,1,
2026-08-18T10:52:59.196319+00:00,Github,http://github.com/,200,200,211,1,
2026-08-18T11:16:20.034395+00:00,Google,https://google.com,200,200,163,1,
2026-08-18T11:16:20.118664+00:00,Github,http://github.com/,200,200,84,1,
2026-08-18T11:47:22.596653+00:00,Google,https://google.com,200,200,302,1,
2026-08-18T11:47:22.942825+00:00,Github,http://github.com/,200,200,346,1,
2026-08-18T12:25:32.953071+00:00,Google,https://google.com,200,200,178,1,
2026-08-18T12:25:33.592053+00:00,Github,http://github.com/,200,200,638,1,
2026-08-18T13:21:27.272566+00:00,Google,https://google.com,200,200,262,1,
2026-08-18T13:21:27.531804+00:00,Github,http://github.com/,200,200,259,1,
2026-08-18T14:03:07.009695+00:00,Google,https://google.com,200,200,116,1,
2026-08-18T14:03:07.066017+00:00,Github,http://github.com/,200,200,56,1,
2026-08-18T14:49:16.608858+00:00,Google,https://google.com,200,200,171,1,
2026-08-18T14:49:16.818103+00:00,Github,http://github.com/,200,200,209,1,
2026-08-18T15:21:38.829977+00:00,Google,https://google.com,200,200,266,1,
2026-08-18T15:21:39.224128+00:00,Github,http://github.com/,200,200,394,1,
2026-08-18T15:53:59.605709+00:00,Google,https://google.com,200,200,181,1,
2026-08-18T15:53:59.704396+00:00,Github,http://github.com/,200,200,98,1,
2026-08-18T16:20:11.678262+00:00,Google,https://google.com,200,200,112,1,
2026-08-18T16:20:11.732697+00:00,Github,http://github.com/,200,200,54,1,
2026-08-18T16:55:02.343988+00:00,Google,https://google.com,200,200,274,1,
2026-08-18T16:55:02.656177+00:00,Github,http://github.com/,200,200,312,1,
2026-08-18T17:18:18.249737+00:00,Google,https://google.com,200,200,118,1,
2026-08-18T17:18:18.310860+00:00,Github,http://github.com/,200,200,61,1,
2026-08-18T17:51:02.458061+00:00,Google,https://google.com,200,200,213,1,
2026-08-18T17:51:02.686201+00:00,Github,http://github.com/,200,200,228,1,
2026-08-18T18:23:28.869225+00:00,Google,https://google.com,200,200,156,1,
2026-08-18T18:23:29.457280+00:00,Github,http://github.com/,200,200,588,1,
2026-08-18T19:04:53.118634+00:00,Google,https://google.com,200,200,147,1,
2026-08-18T19:04:53.178935+00:00,Github,http://github.com/,200,200,60,1,
2026-08-18T19:37:16.545760+00:00,Google,https://google.com,200,200,151,1,
2026-08-18T19:37:17.285964+00:00,Github,http://github.com/,200,200,740,1,
2026-08-18T19:55:05.154491+00:00,Google,https://google.com,200,200,185,1,
2026-08-18T19:55:05.437843+00:00,Github,http://github.com/,200,200,283,1,
2026-08-18T20:12:43.772426+00:00,Google,https://google.com,200,200,162,1,
2026-08-18T20:12:43.868426+00:00,Github,http://github.com/,200,200,95,1,
2026-08-18T20:39:49.220627+00:00,Google,https://google.com,200,200,140,1,
2026-08-18T20:39:49.306803+00:00,Github,http://github.com/,200,200,86,1,
2026-08-18T20:58:07.591675+00:00,Google,https://google.com,200,200,391,1,
2026-08-18T20:58:07.909216+00:00,Github,http://github.com/,200,200,317,1,
2026-08-18T21:22:18.946233+00:00,Google,https://google.com,200,200,123,1,
2026-08-18T21:22:19.002026+00:00,Github,http://github.com/,200,200,55,1,
2026-08-18T21:44:17.228748+00:00,Google,https://google.com,200,200,320,1,
2026-08-18T21:44:17.549788+00:00,Github,http://github.com/,200,200,320,1,
2026-08-18T21:57:59.169084+00:00,Google,https://google.com,200,200,168,1,
2026-08-18T21:57:59.397509+00:00,Github,http://github.com/,200,200,228,1,
2026-08-18T22:20:53.484456+00:00,Google,https://google.com,200,200,211,1,
2026-08-18T22:20:53.697576+00:00,Github,http://github.com/,200,200,213,1,
2026-08-18T22:47:08.536094+00:00,Google,https://google.com,200,200,405,1,
2026-08-18T22:47:08.893694+00:00,Github,http://github.com/,200,200,357,1,
2026-08-18T23:12:58.471117+00:00,Google,https://google.com,200,200,438,1,
2026-08-18T23:12:58.714411+00:00,Github,http://github.com/,200,200,243,1,
2026-08-18T23:34:48.815626+00:00,Google,https://google.com,200,200,142,1,
2026-08-18T23:34:48.917337+00:00,Github,http://github.com/,200,200,101,1,
2026-08-18T23:56:00.645976+00:00,Google,https://google.com,200,200,451,1,
2026-08-18T23:56:00.971487+00:00,Github,http://github.com/,200,200,325,1,
2026-08-19T00:51:00.016723+00:00,Google,https://google.com,200,200,220,1,
2026-08-19T00:51:00.289681+00:00,Github,http://github.com/,200,200,272,1,
2026-08-19T02:12:28.345429+00:00,Google,https://google.com,200,200,286,1,
2026-08-19T02:12:28.685412+00:00,Github,http://github.com/,200,200,339,1,
2026-08-19T03:09:52.552405+00:00,Google,https://google.com,200,200,148,1,
2026-08-19T03:09:52.646612+00:00,Github,http://github.com/,200,200,94,1,
2026-08-19T03:56:22.970913+00:00,Google,https://google.com,200,200,112,1,
2026-08-19T03:56:23.023578+00:00,Github,http://github.com/,200,200,52,1,
2026-08-19T04:30:50.542149+00:00,Google,https://google.com,200,200,178,1,
2026-08-19T04:30:50.637178+00:00,Github,http://github.com/,200,200,94,1,
2026-08-19T05:06:36.995354+00:00,Google,https://google.com,200,200,214,1,
2026-08-19T05:06:37.578237+00:00,Github,http://github.com/,200,200,582,1,
2026-08-19T05:43:40.682459+00:00,Google,https://google.com,200,200,117,1,
2026-08-19T05:43:40.733677+00:00,Github,http://github.com/,200,200,51,1,
2026-08-19T06:03:09.175123+00:00,Google,https://google.com,200,200,111,1,
2026-08-19T06:03:09.220912+00:00,Github,http://github.com/,200,200,45,1,
2026-08-19T07:02:28.006220+00:00,Google,https://google.com,200,200,138,1,
2026-08-19T07:02:28.109473+00:00,Github,http://github.com/,200,200,103,1,
2026-08-19T07:51:38.270928+00:00,Google,https://google.com,200,200,196,1,
2026-08-19T07:51:38.972445+00:00,Github,http://github.com/,200,200,701,1,
2026-08-19T08:24:56.789424+00:00,Google,https://google.com,200,200,286,1,
2026-08-19T08:24:57.375553+00:00,Github,http://github.com/,200,200,586,1,
2026-08-19T09:01:56.469834+00:00,Google,https://google.com,200,200,282,1,
2026-08-19T09:01:56.797401+00:00,Github,http://github.com/,200,200,327,1,
2026-08-19T09:47:00.957159+00:00,Google,https://google.com,200,200,161,1,
2026-08-19T09:47:01.605609+00:00,Github,http://github.com/,200,200,648,1,
2026-08-19T10:18:44.989617+00:00,Google,https://google.com,200,200,196,1,
2026-08-19T10:18:45.210157+00:00,Github,http://github.com/,200,200,220,1,
2026-08-19T10:51:59.218779+00:00,Google,https://google.com,200,200,127,1,
2026-08-19T10:51:59.278854+00:00,Github,http://github.com/,200,200,60,1,
2026-08-19T11:16:17.153299+00:00,Google,https://google.com,200,200,157,1,
2026-08-19T11:16:17.377140+00:00,Github,http://github.com/,200,200,223,1,
2026-08-19T11:47:13.141979+00:00,Google,https://google.com,200,200,142,1,
2026-08-19T11:47:13.361489+00:00,Github,http://github.com/,200,200,219,1,
2026-08-19T12:25:40.405910+00:00,Google,https://google.com,200,200,262,1,
2026-08-19T12:25:40.786270+00:00,Github,http://github.com/,200,200,380,1,
2026-08-19T13:23:23.869441+00:00,Google,https://google.com,200,200,256,1,
2026-08-19T13:23:24.461636+00:00,Github,http://github.com/,200,200,592,1,
2026-08-19T14:03:32.959925+00:00,Google,https://google.com,200,200,133,1,
2026-08-19T14:03:33.018827+00:00,Github,http://github.com/,200,200,58,1,
2026-08-19T14:50:26.805544+00:00,Google,https://google.com,200,200,223,1,
2026-08-19T14:50:27.438042+00:00,Github,http://github.com/,200,200,632,1,
2026-08-19T15:21:22.834404+00:00,Google,https://google.com,200,200,267,1,
2026-08-19T15:21:23.239437+00:00,Github,http://github.com/,200,200,404,1,
2026-08-19T15:54:02.855336+00:00,Google,https://google.com,200,200,139,1,
2026-08-19T15:54:02.914307+00:00,Github,http://github.com/,200,200,58,1,
2026-08-19T16:19:46.385088+00:00,Google,https://google.com,200,200,163,1,
2026-08-19T16:19:47.014216+00:00,Github,http://github.com/,200,200,629,1,
2026-08-19T16:53:24.165299+00:00,Google,https://google.com,200,200,181,1,
2026-08-19T16:53:24.265059+00:00,Github,http://github.com/,200,200,99,1,
2026-08-19T17:18:25.557354+00:00,Google,https://google.com,200,200,330,1,
2026-08-19T17:18:25.652461+00:00,Github,http://github.com/,200,200,95,1,
2026-08-19T17:47:22.504065+00:00,Google,https://google.com,200,200,155,1,
2026-08-19T17:47:22.718431+00:00,Github,http://github.com/,200,200,214,1,
2026-08-19T18:19:46.734260+00:00,Google,https://google.com,200,200,228,1,
2026-08-19T18:19:47.407779+00:00,Github,http://github.com/,200,200,673,1,
2026-08-19T18:59:56.936027+00:00,Google,https://google.com,200,200,270,1,
2026-08-19T18:59:57.262683+00:00,Github,http://github.com/,200,200,326,1,
2026-08-19T19:28:48.801573+00:00,Google,https://google.com,200,200,214,1,
2026-08-19T19:28:48.908235+00:00,Github,http://github.com/,200,200,106,1,
2026-08-19T19:49:51.251417+00:00,Google,https://google.com,200,200,242,1,
2026-08-19T19:49:51.631892+00:00,Github,http://github.com/,200,200,380,1,
2026-08-19T20:16:15.788409+00:00,Google,https://google.com,200,200,193,1,
2026-08-19T20:16:16.411534+00:00,Github,http://github.com/,200,200,623,1,
2026-08-19T20:50:48.971352+00:00,Google,https://google.com,200,200,157,1,
2026-08-19T20:50:49.009097+00:00,Github,http://github.com/,200,200,37,1,
2026-08-19T21:16:47.695228+00:00,Google,https://google.com,200,200,233,1,
2026-08-19T21:16:47.916618+00:00,Github,http://github.com/,200,200,221,1,
2026-08-19T21:47:15.803462+00:00,Google,https://google.com,200,200,183,1,
2026-08-19T21:47:16.493784+00:00,Github,http://github.com/,200,200,690,1,
2026-08-19T22:14:46.877768+00:00,Google,https://google.com,200,200,194,1,
2026-08-19T22:14:47.123995+00:00,Github,http://github.com/,200,200,246,1,
2026-08-19T22:42:37.923052+00:00,Google,https://google.com,200,200,213,1,
2026-08-19T22:42:38.009298+00:00,Github,http://github.com/,200,200,86,1,
2026-08-19T23:00:18.672079+00:00,Google,https://google.com,200,200,161,1,
2026-08-19T23:00:18.756534+00:00,Github,http://github.com/,200,200,84,1,
2026-08-19T23:33:51.179889+00:00,Google,https://google.com,200,200,209,1,
2026-08-19T23:33:51.409406+00:00,Github,http://github.com/,200,200,229,1,
2026-08-19T23:56:19.638013+00:00,Google,https://google.com,200,200,214,1,
2026-08-19T23:56:19.722751+00:00,Github,http://github.com/,200,200,84,1,
2026-08-20T00:53:34.680829+00:00,Google,https://google.com,200,200,307,1,
2026-08-20T00:53:34.776283+00:00,Github,http://github.com/,200,200,95,1,
2026-08-20T02:11:07.923482+00:00,Google,https://google.com,200,200,134,1,
2026-08-20T02:11:07.972895+00:00,Github,http://github.com/,200,200,49,1,
2026-08-20T03:08:40.041400+00:00,Google,https://google.com,200,200,137,1,
2026-08-20T03:08:40.091690+00:00,Github,http://github.com/,200,200,50,1,
2026-08-20T03:55:55.940342+00:00,Google,https://google.com,200,200,112,1,
2026-08-20T03:55:56.003506+00:00,Github,http://github.com/,200,200,63,1,
2026-08-20T04:29:45.176330+00:00,Google,https://google.com,200,200,177,1,
2026-08-20T04:29:45.271614+00:00,Github,http://github.com/,200,200,95,1,
2026-08-20T05:04:05.685434+00:00,Google,https://google.com,200,200,293,1,
2026-08-20T05:04:05.988228+00:00,Github,http://github.com/,200,200,302,1,
2026-08-20T05:43:57.162956+00:00,Google,https://google.com,200,200,174,1,
2026-08-20T05:43:57.405582+00:00,Github,http://github.com/,200,200,242,1,
2026-08-20T06:03:14.635942+00:00,Google,https://google.com,200,200,142,1,
2026-08-20T06:03:14.734928+00:00,Github,http://github.com/,200,200,98,1,
2026-08-20T07:03:23.808816+00:00,Google,https://google.com,200,200,159,1,
2026-08-20T07:03:24.016762+00:00,Github,http://github.com/,200,200,207,1,
2026-08-20T07:54:25.468881+00:00,Google,https://google.com,200,200,183,1,
2026-08-20T07:54:25.688765+00:00,Github,http://github.com/,200,200,219,1,
2026-08-20T08:26:22.744425+00:00,Google,https://google.com,200,200,191,1,
2026-08-20T08:26:22.970852+00:00,Github,http://github.com/,200,200,226,1,
2026-08-20T09:04:00.831625+00:00,Google,https://google.com,200,200,272,1,
2026-08-20T09:04:01.173749+00:00,Github,http://github.com/,200,200,342,1,
2026-08-20T09:47:55.142664+00:00,Google,https://google.com,200,200,128,1,
2026-08-20T09:47:55.208266+00:00,Github,http://github.com/,200,200,65,1,
2026-08-20T10:19:56.784336+00:00,Google,https://google.com,200,200,113,1,
2026-08-20T10:19:56.838537+00:00,Github,http://github.com/,200,200,54,1,
2026-08-20T10:54:41.096313+00:00,Google,https://google.com,200,200,160,1,
2026-08-20T10:54:41.331591+00:00,Github,http://github.com/,200,200,235,1,
2026-08-20T11:18:18.250971+00:00,Google,https://google.com,200,200,193,1,
2026-08-20T11:18:18.488095+00:00,Github,http://github.com/,200,200,237,1,
2026-08-20T11:49:24.049267+00:00,Google,https://google.com,200,200,262,1,
2026-08-20T11:49:24.355349+00:00,Github,http://github.com/,200,200,306,1,
2026-08-20T12:28:12.954384+00:00,Google,https://google.com,200,200,277,1,
2026-08-20T12:28:13.241021+00:00,Github,http://github.com/,200,200,286,1,
2026-08-20T13:26:40.705564+00:00,Google,https://google.com,200,200,197,1,
2026-08-20T13:26:40.983207+00:00,Github,http://github.com/,200,200,277,1,
2026-08-20T14:06:53.529592+00:00,Google,https://google.com,200,200,155,1,
2026-08-20T14:06:53.632657+00:00,Github,http://github.com/,200,200,103,1,
2026-08-20T14:52:02.848067+00:00,Google,https://google.com,200,200,109,1,
2026-08-20T14:52:02.905160+00:00,Github,http://github.com/,200,200,57,1,
2026-08-20T15:24:23.486866+00:00,Google,https://google.com,200,200,308,1,
2026-08-20T15:24:23.540021+00:00,Github,http://github.com/,200,200,53,1,
2026-08-20T15:55:48.537666+00:00,Google,https://google.com,200,200,229,1,
2026-08-20T15:55:49.072887+00:00,Github,http://github.com/,200,200,535,1,
2026-08-20T16:24:56.226421+00:00,Google,https://google.com,200,200,192,1,
2026-08-20T16:24:56.312116+00:00,Github,http://github.com/,200,200,85,1,
2026-08-20T16:58:50.823554+00:00,Google,https://google.com,200,200,278,1,
2026-08-20T16:58:51.154672+00:00,Github,http://github.com/,200,200,331,1,
2026-08-20T17:29:18.703356+00:00,Google,https://google.com,200,200,107,1,
2026-08-20T17:29:18.754729+00:00,Github,http://github.com/,200,200,51,1,
2026-08-20T17:56:30.239821+00:00,Google,https://google.com,200,200,125,1,
2026-08-20T17:56:30.292235+00:00,Github,http://github.com/,200,200,52,1,
2026-08-20T18:30:34.971814+00:00,Google,https://google.com,200,200,148,1,
2026-08-20T18:30:35.027998+00:00,Github,http://github.com/,200,200,56,1,
2026-08-20T19:17:21.557090+00:00,Google,https://google.com,200,200,169,1,
2026-08-20T19:17:21.803458+00:00,Github,http://github.com/,200,200,246,1,
2026-08-20T19:52:43.253829+00:00,Google,https://google.com,200,200,212,1,
2026-08-20T19:52:43.477623+00:00,Github,http://github.com/,200,200,223,1,
2026-08-20T20:17:46.685661+00:00,Google,https://google.com,200,200,160,1,
2026-08-20T20:17:46.746413+00:00,Github,http://github.com/,200,200,60,1,
2026-08-20T20:53:03.590616+00:00,Google,https://google.com,200,200,252,1,
2026-08-20T20:53:04.300029+00:00,Github,http://github.com/,200,200,709,1,
2026-08-20T21:18:58.623574+00:00,Google,https://google.com,200,200,178,1,
2026-08-20T21:18:59.201925+00:00,Github,http://github.com/,200,200,578,1,
2026-08-20T21:50:21.080873+00:00,Google,https://google.com,200,200,108,1,
2026-08-20T21:50:21.145222+00:00,Github,http://github.com/,200,200,64,1,
2026-08-20T22:16:42.124386+00:00,Google,https://google.com,200,200,441,1,
2026-08-20T22:16:42.517356+00:00,Github,http://github.com/,200,200,392,1,
2026-08-20T22:51:20.286421+00:00,Google,https://google.com,200,200,346,1,
2026-08-20T22:51:20.383249+00:00,Github,http://github.com/,200,200,96,1,
2026-08-20T23:16:56.072925+00:00,Google,https://google.com,200,200,283,1,
2026-08-20T23:16:56.366912+00:00,Github,http://github.com/,200,200,293,1,
2026-08-20T23:47:03.868324+00:00,Google,https://google.com,200,200,367,1,
2026-08-20T23:47:04.438876+00:00,Github,http://github.com/,200,200,570,1,
2026-08-21T00:44:32.504012+00:00,Google,https://google.com,200,200,191,1,
2026-08-21T00:44:32.728982+00:00,Github,http://github.com/,200,200,224,1,
2026-08-21T02:12:35.639702+00:00,Google,https://google.com,200,200,285,1,
2026-08-21T02:12:35.945292+00:00,Github,http://github.com/,200,200,305,1,
2026-08-21T03:15:03.433889+00:00,Google,https://google.com,200,200,124,1,
2026-08-21T03:15:03.483311+00:00,Github,http://github.com/,200,200,49,1,
2026-08-21T04:02:24.451561+00:00,Google,https://google.com,200,200,402,1,
2026-08-21T04:02:24.751376+00:00,Github,http://github.com/,200,200,299,1,
2026-08-21T04:51:33.490938+00:00,Google,https://google.com,200,200,175,1,
2026-08-21T04:51:33.715570+00:00,Github,http://github.com/,200,200,224,1,
2026-08-21T05:23:23.310860+00:00,Google,https://google.com,200,200,292,1,
2026-08-21T05:23:23.641199+00:00,Github,http://github.com/,200,200,330,1,
2026-08-21T05:54:43.499432+00:00,Google,https://google.com,200,200,158,1,
2026-08-21T05:54:44.160347+00:00,Github,http://github.com/,200,200,660,1,
2026-08-21T06:29:40.857492+00:00,Google,https://google.com,200,200,139,1,
2026-08-21T06:29:40.908716+00:00,Github,http://github.com/,200,200,51,1,
2026-08-21T07:23:49.187786+00:00,Google,https://google.com,200,200,179,1,
2026-08-21T07:23:49.275525+00:00,Github,http://github.com/,200,200,87,1,
2026-08-21T08:03:23.749158+00:00,Google,https://google.com,200,200,188,1,
2026-08-21T08:03:23.838386+00:00,Github,http://github.com/,200,200,89,1,
2026-08-21T08:54:54.218508+00:00,Google,https://google.com,200,200,117,1,
2026-08-21T08:54:54.267388+00:00,Github,http://github.com/,200,200,48,1,
2026-08-21T09:26:39.166236+00:00,Google,https://google.com,200,200,155,1,
2026-08-21T09:26:39.391361+00:00,Github,http://github.com/,200,200,225,1,
2026-08-21T09:59:22.295562+00:00,Google,https://google.com,200,200,183,1,
2026-08-21T09:59:22.588758+00:00,Github,http://github.com/,200,200,293,1,
2026-08-21T10:32:16.461615+00:00,Google,https://google.com,200,200,150,1,
2026-08-21T10:32:16.576218+00:00,Github,http://github.com/,200,200,114,1,
2026-08-21T11:01:47.826769+00:00,Google,https://google.com,200,200,262,1,
2026-08-21T11:01:48.366265+00:00,Github,http://github.com/,200,200,539,1,
2026-08-21T11:37:18.758357+00:00,Google,https://google.com,200,200,173,1,
2026-08-21T11:37:18.981185+00:00,Github,http://github.com/,200,200,222,1,
2026-08-21T12:04:10.545548+00:00,Google,https://google.com,200,200,241,1,
2026-08-21T12:04:10.866682+00:00,Github,http://github.com/,200,200,321,1,
2026-08-21T12:50:39.502057+00:00,Google,https://google.com,200,200,156,1,
2026-08-21T12:50:39.790051+00:00,Github,http://github.com/,200,200,287,1,
2026-08-21T13:37:46.521666+00:00,Google,https://google.com,200,200,280,1,
2026-08-21T13:37:46.979731+00:00,Github,http://github.com/,200,200,458,1,
2026-08-21T14:17:01.374977+00:00,Google,https://google.com,200,200,185,1,
2026-08-21T14:17:01.626804+00:00,Github,http://github.com/,200,200,251,1,
2026-08-21T15:00:21.537078+00:00,Google,https://google.com,200,200,122,1,
2026-08-21T15:00:21.613645+00:00,Github,http://github.com/,200,200,76,1,
2026-08-21T15:45:26.575493+00:00,Google,https://google.com,200,200,194,1,
2026-08-21T15:45:26.817786+00:00,Github,http://github.com/,200,200,242,1,
2026-08-21T16:21:04.003570+00:00,Google,https://google.com,200,200,284,1,
2026-08-21T16:21:04.308011+00:00,Github,http://github.com/,200,200,304,1,
2026-08-21T16:58:39.697616+00:00,Google,https://google.com,200,200,149,1,
2026-08-21T16:58:39.767214+00:00,Github,http://github.com/,200,200,69,1,
2026-08-21T17:28:26.082816+00:00,Google,https://google.com,200,200,170,1,
2026-08-21T17:28:26.310682+00:00,Github,http://github.com/,200,200,227,1,
2026-08-21T17:55:44.608558+00:00,Google,https://google.com,200,200,277,1,
2026-08-21T17:55:44.961111+00:00,Github,http://github.com/,200,200,352,1,
2026-08-21T18:25:18.922527+00:00,Google,https://google.com,200,200,144,1,
2026-08-21T18:25:18.981022+00:00,Github,http://github.com/,200,200,58,1,
2026-08-21T19:04:34.289548+00:00,Google,https://google.com,200,200,174,1,
2026-08-21T19:04:34.509639+00:00,Github,http://github.com/,200,200,220,1,
2026-08-21T19:34:58.772223+00:00,Google,https://google.com,200,200,143,1,
2026-08-21T19:34:58.825249+00:00,Github,http://github.com/,200,200,52,1,
2026-08-21T19:54:58.505612+00:00,Google,https://google.com,200,200,182,1,
2026-08-21T19:54:58.622737+00:00,Github,http://github.com/,200,200,117,1,
2026-08-21T20:14:59.552612+00:00,Google,https://google.com,200,200,153,1,
2026-08-21T20:14:59.621431+00:00,Github,http://github.com/,200,200,68,1,
2026-08-21T20:41:51.930388+00:00,Google,https://google.com,200,200,134,1,
2026-08-21T20:41:51.986656+00:00,Github,http://github.com/,200,200,56,1,
2026-08-21T20:59:20.144211+00:00,Google,https://google.com,200,200,122,1,
2026-08-21T20:59:20.215514+00:00,Github,http://github.com/,200,200,71,1,
2026-08-21T21:26:14.795435+00:00,Google,https://google.com,200,200,279,1,
2026-08-21T21:26:15.152318+00:00,Github,http://github.com/,200,200,356,1,
2026-08-21T21:46:29.820016+00:00,Google,https://google.com,200,200,174,1,
2026-08-21T21:46:30.047348+00:00,Github,http://github.com/,200,200,227,1,
2026-08-21T22:13:36.089212+00:00,Google,https://google.com,200,200,664,1,
2026-08-21T22:13:36.733996+00:00,Github,http://github.com/,200,200,644,1,
2026-08-21T22:41:23.345501+00:00,Google,https://google.com,200,200,158,1,
2026-08-21T22:41:23.944417+00:00,Github,http://github.com/,200,200,598,1,
2026-08-21T22:59:14.042271+00:00,Google,https://google.com,200,200,145,1,
2026-08-21T22:59:14.092384+00:00,Github,http://github.com/,200,200,50,1,
2026-08-21T23:25:14.648642+00:00,Google,https://google.com,200,200,151,1,
2026-08-21T23:25:14.749456+00:00,Github,http://github.com/,200,200,100,1,
2026-08-21T23:44:58.775625+00:00,Google,https://google.com,200,200,111,1,
2026-08-21T23:44:58.846292+00:00,Github,http://github.com/,200,200,70,1,
2026-08-22T00:00:22.585219+00:00,Google,https://google.com,200,200,179,1,
2026-08-22T00:00:22.829418+00:00,Github,http://github.com/,200,200,244,1,
2026-08-22T01:47:44.009064+00:00,Google,https://google.com,200,200,118,1,
2026-08-22T01:47:44.054858+00:00,Github,http://github.com/,200,200,45,1,
2026-08-22T02:46:28.713515+00:00,Google,https://google.com,200,200,114,1,
2026-08-22T02:46:28.765896+00:00,Github,http://github.com/,200,200,52,1,
2026-08-22T03:33:50.740456+00:00,Google,https://google.com,200,200,166,1,
2026-08-22T03:33:50.967631+00:00,Github,http://github.com/,200,200,227,1,
2026-08-22T04:16:08.759405+00:00,Google,https://google.com,200,200,211,1,
2026-08-22T04:16:09.385969+00:00,Github,http://github.com/,200,200,626,1,
2026-08-22T04:56:38.338934+00:00,Google,https://google.com,200,200,302,1,
2026-08-22T04:56:38.730903+00:00,Github,http://github.com/,200,200,391,1,
2026-08-22T05:21:34.076482+00:00,Google,https://google.com,200,200,164,1,
2026-08-22T05:21:34.318332+00:00,Github,http://github.com/,200,200,241,1,
2026-08-22T05:50:14.010514+00:00,Google,https://google.com,200,200,203,1,
2026-08-22T05:50:14.235338+00:00,Github,http://github.com/,200,200,224,1,
2026-08-22T06:22:50.399106+00:00,Google,https://google.com,200,200,153,1,
2026-08-22T06:22:50.447918+00:00,Github,http://github.com/,200,200,48,1,
2026-08-22T07:07:24.948558+00:00,Google,https://google.com,200,200,202,1,
2026-08-22T07:07:25.032302+00:00,Github,http://github.com/,200,200,83,1,
2026-08-22T07:43:12.669171+00:00,Google,https://google.com,200,200,152,1,
2026-08-22T07:43:12.772269+00:00,Github,http://github.com/,200,200,103,1,
2026-08-22T08:00:19.311463+00:00,Google,https://google.com,200,200,190,1,
2026-08-22T08:00:19.937320+00:00,Github,http://github.com/,200,200,625,1,
2026-08-22T08:44:50.585918+00:00,Google,https://google.com,200,200,162,1,
2026-08-22T08:44:50.833682+00:00,Github,http://github.com/,200,200,247,1,
2026-08-22T09:04:00.295840+00:00,Google,https://google.com,200,200,312,1,
2026-08-22T09:04:00.624763+00:00,Github,http://github.com/,200,200,328,1,
2026-08-22T09:38:56.015470+00:00,Google,https://google.com,200,200,340,1,
2026-08-22T09:38:56.350107+00:00,Github,http://github.com/,200,200,334,1,
2026-08-22T09:56:50.930814+00:00,Google,https://google.com,200,200,247,1,
2026-08-22T09:56:51.265183+00:00,Github,http://github.com/,200,200,334,1,
2026-08-22T10:17:36.187922+00:00,Google,https://google.com,200,200,149,1,
2026-08-22T10:17:36.244857+00:00,Github,http://github.com/,200,200,56,1,
2026-08-22T10:46:21.323543+00:00,Google,https://google.com,200,200,152,1,
2026-08-22T10:46:21.546689+00:00,Github,http://github.com/,200,200,223,1,
2026-08-22T11:12:29.885759+00:00,Google,https://google.com,200,200,153,1,
2026-08-22T11:12:30.499349+00:00,Github,http://github.com/,200,200,613,1,
2026-08-22T11:34:11.109755+00:00,Google,https://google.com,200,200,111,1,
2026-08-22T11:34:11.174277+00:00,Github,http://github.com/,200,200,64,1,
2026-08-22T11:55:38.809073+00:00,Google,https://google.com,200,200,152,1,
2026-08-22T11:55:38.859690+00:00,Github,http://github.com/,200,200,50,1,
2026-08-22T12:21:57.024237+00:00,Google,https://google.com,200,200,154,1,
2026-08-22T12:21:57.249781+00:00,Github,http://github.com/,200,200,225,1,
2026-08-22T13:07:04.125405+00:00,Google,https://google.com,200,200,158,1,
2026-08-22T13:07:04.179254+00:00,Github,http://github.com/,200,200,53,1,
2026-08-22T13:42:27.973670+00:00,Google,https://google.com,200,200,246,1,
2026-08-22T13:42:28.322900+00:00,Github,http://github.com/,200,200,349,1,
2026-08-22T13:57:52.347720+00:00,Google,https://google.com,200,200,181,1,
2026-08-22T13:57:52.943742+00:00,Github,http://github.com/,200,200,595,1,
2026-08-22T14:18:57.080771+00:00,Google,https://google.com,200,200,167,1,
2026-08-22T14:18:57.304852+00:00,Github,http://github.com/,200,200,224,1,
2026-08-22T14:44:21.636521+00:00,Google,https://google.com,200,200,120,1,
2026-08-22T14:44:21.693859+00:00,Github,http://github.com/,200,200,57,1,
2026-08-22T14:58:46.712990+00:00,Google,https://google.com,200,200,196,1,
2026-08-22T14:58:47.324047+00:00,Github,http://github.com/,200,200,611,1,
2026-08-22T15:20:59.829375+00:00,Google,https://google.com,200,200,329,1,
2026-08-22T15:21:00.152739+00:00,Github,http://github.com/,200,200,323,1,
2026-08-22T15:42:26.835518+00:00,Google,https://google.com,200,200,275,1,
2026-08-22T15:42:27.142299+00:00,Github,http://github.com/,200,200,306,1,
2026-08-22T15:56:18.894578+00:00,Google,https://google.com,200,200,171,1,
2026-08-22T15:56:19.120181+00:00,Github,http://github.com/,200,200,225,1,
2026-08-22T16:16:11.904359+00:00,Google,https://google.com,200,200,213,1,
2026-08-22T16:16:12.502885+00:00,Github,http://github.com/,200,200,598,1,
2026-08-22T16:46:32.254828+00:00,Google,https://google.com,200,200,227,1,
2026-08-22T16:46:32.791065+00:00,Github,http://github.com/,200,200,536,1,
2026-08-22T17:12:12.082450+00:00,Google,https://google.com,200,200,200,1,
2026-08-22T17:12:12.372033+00:00,Github,http://github.com/,200,200,289,1,
2026-08-22T17:34:37.336403+00:00,Google,https://google.com,200,200,167,1,
2026-08-22T17:34:37.958042+00:00,Github,http://github.com/,200,200,621,1,
2026-08-22T17:55:32.459869+00:00,Google,https://google.com,200,200,143,1,
2026-08-22T17:55:33.076613+00:00,Github,http://github.com/,200,200,616,1,
2026-08-22T18:16:55.189502+00:00,Google,https://google.com,200,200,118,1,
2026-08-22T18:16:55.245281+00:00,Github,http://github.com/,200,200,55,1,
2026-08-22T18:54:45.015771+00:00,Google,https://google.com,200,200,125,1,
2026-08-22T18:54:45.061778+00:00,Github,http://github.com/,200,200,45,1,
2026-08-22T19:15:45.727779+00:00,Google,https://google.com,200,200,161,1,
2026-08-22T19:15:45.830208+00:00,Github,http://github.com/,200,200,102,1,
2026-08-22T19:42:55.632649+00:00,Google,https://google.com,200,200,175,1,
2026-08-22T19:42:55.678202+00:00,Github,http://github.com/,200,200,45,1,
2026-08-22T19:55:47.593127+00:00,Google,https://google.com,200,200,251,1,
2026-08-22T19:55:47.906497+00:00,Github,http://github.com/,200,200,313,1,
2026-08-22T20:13:58.028638+00:00,Google,https://google.com,200,200,145,1,
2026-08-22T20:13:58.140490+00:00,Github,http://github.com/,200,200,111,1,
2026-08-22T20:39:30.521560+00:00,Google,https://google.com,200,200,135,1,
2026-08-22T20:39:30.571616+00:00,Github,http://github.com/,200,200,50,1,
2026-08-22T20:57:51.076545+00:00,Google,https://google.com,200,200,221,1,
2026-08-22T20:57:51.168597+00:00,Github,http://github.com/,200,200,92,1,
2026-08-22T21:19:18.416206+00:00,Google,https://google.com,200,200,173,1,
2026-08-22T21:19:18.638829+00:00,Github,http://github.com/,200,200,222,1,
2026-08-22T21:42:46.914741+00:00,Google,https://google.com,200,200,390,1,
2026-08-22T21:42:47.227447+00:00,Github,http://github.com/,200,200,312,1,
2026-08-22T21:57:04.405487+00:00,Google,https://google.com,200,200,191,1,
2026-08-22T21:57:04.990812+00:00,Github,http://github.com/,200,200,585,1,
2026-08-22T22:17:02.505160+00:00,Google,https://google.com,200,200,110,1,
2026-08-22T22:17:02.557198+00:00,Github,http://github.com/,200,200,51,1,
2026-08-22T22:44:44.516804+00:00,Google,https://google.com,200,200,194,1,
2026-08-22T22:44:44.748383+00:00,Github,http://github.com/,200,200,231,1,
2026-08-22T22:59:04.716970+00:00,Google,https://google.com,200,200,112,1,
2026-08-22T22:59:04.781205+00:00,Github,http://github.com/,200,200,64,1,
2026-08-22T23:21:41.174022+00:00,Google,https://google.com,200,200,181,1,
2026-08-22T23:21:41.472002+00:00,Github,http://github.com/,200,200,297,1,
2026-08-22T23:41:53.863095+00:00,Google,https://google.com,200,200,295,1,
2026-08-22T23:41:54.173445+00:00,Github,http://github.com/,200,200,310,1,
2026-08-22T23:56:35.527403+00:00,Google,https://google.com,200,200,110,1,
2026-08-22T23:56:35.581302+00:00,Github,http://github.com/,200,200,53,1,
2026-08-23T01:00:45.315066+00:00,Google,https://google.com,200,200,142,1,
2026-08-23T01:00:45.368255+00:00,Github,http://github.com/,200,200,53,1,
2026-08-23T02:35:50.386842+00:00,Google,https://google.com,200,200,177,1,
2026-08-23T02:35:50.480800+00:00,Github,http://github.com/,200,200,93,1,
2026-08-23T03:33:28.716275+00:00,Google,https://google.com,200,200,256,1,
2026-08-23T03:33:29.047561+00:00,Github,http://github.com/,200,200,331,1,
2026-08-23T04:20:43.762955+00:00,Google,https://google.com,200,200,186,1,
2026-08-23T04:20:43.839974+00:00,Github,http://github.com/,200,200,76,1,
2026-08-23T04:58:38.177404+00:00,Google,https://google.com,200,200,124,1,
2026-08-23T04:58:38.234671+00:00,Github,http://github.com/,200,200,57,1,
2026-08-23T05:29:17.096844+00:00,Google,https://google.com,200,200,181,1,
2026-08-23T05:29:17.321568+00:00,Github,http://github.com/,200,200,224,1,
2026-08-23T05:54:47.794966+00:00,Google,https://google.com,200,200,220,1,
2026-08-23T05:54:48.289883+00:00,Github,http://github.com/,200,200,494,1,
2026-08-23T06:24:37.857882+00:00,Google,https://google.com,200,200,236,1,
2026-08-23T06:24:38.418568+00:00,Github,http://github.com/,200,200,560,1,
2026-08-23T07:08:43.645310+00:00,Google,https://google.com,200,429,376,0,HTTPError: HTTP Error 429: Too Many Requests
2026-08-23T07:08:43.864828+00:00,Github,http://github.com/,200,200,219,1,
2026-08-23T07:44:53.531496+00:00,Google,https://google.com,200,200,145,1,
2026-08-23T07:44:53.576511+00:00,Github,http://github.com/,200,200,44,1,
2026-08-23T08:01:42.578843+00:00,Google,https://google.com,200,200,169,1,
2026-08-23T08:01:43.149176+00:00,Github,http://github.com/,200,200,570,1,
2026-08-23T08:45:57.678737+00:00,Google,https://google.com,200,200,226,1,
2026-08-23T08:45:57.900013+00:00,Github,http://github.com/,200,200,221,1,
2026-08-23T09:18:44.792533+00:00,Google,https://google.com,200,200,153,1,
2026-08-23T09:18:44.894670+00:00,Github,http://github.com/,200,200,102,1,
2026-08-23T09:49:40.550833+00:00,Google,https://google.com,200,200,149,1,
2026-08-23T09:49:40.619339+00:00,Github,http://github.com/,200,200,68,1,
2026-08-23T10:14:00.708489+00:00,Google,https://google.com,200,200,512,1,
2026-08-23T10:14:01.039432+00:00,Github,http://github.com/,200,200,330,1,
2026-08-23T10:41:22.374765+00:00,Google,https://google.com,200,200,159,1,
2026-08-23T10:41:23.013942+00:00,Github,http://github.com/,200,200,639,1,
2026-08-23T10:57:59.073108+00:00,Google,https://google.com,200,200,115,1,
2026-08-23T10:57:59.133376+00:00,Github,http://github.com/,200,200,60,1,
2026-08-23T11:19:08.898831+00:00,Google,https://google.com,200,200,180,1,
2026-08-23T11:19:09.515980+00:00,Github,http://github.com/,200,200,617,1,
2026-08-23T11:42:18.662010+00:00,Google,https://google.com,200,200,184,1,
2026-08-23T11:42:18.770408+00:00,Github,http://github.com/,200,200,108,1,
2026-08-23T11:56:59.671851+00:00,Google,https://google.com,200,200,309,1,
2026-08-23T11:56:59.980483+00:00,Github,http://github.com/,200,200,308,1,
2026-08-23T12:31:05.515242+00:00,Google,https://google.com,200,200,160,1,
2026-08-23T12:31:05.612890+00:00,Github,http://github.com/,200,200,97,1,
2026-08-23T13:18:19.892829+00:00,Google,https://google.com,200,200,200,1,
2026-08-23T13:18:20.471759+00:00,Github,http://github.com/,200,200,578,1,
2026-08-23T13:50:41.242707+00:00,Google,https://google.com,200,200,155,1,
2026-08-23T13:50:41.321100+00:00,Github,http://github.com/,200,200,78,1,
2026-08-23T14:13:43.091706+00:00,Google,https://google.com,200,200,127,1,
2026-08-23T14:13:43.140001+00:00,Github,http://github.com/,200,200,48,1,
2026-08-23T14:39:28.444570+00:00,Google,https://google.com,200,200,172,1,
2026-08-23T14:39:29.071499+00:00,Github,http://github.com/,200,200,626,1,
2026-08-23T14:57:34.143758+00:00,Google,https://google.com,200,200,358,1,
2026-08-23T14:57:34.441917+00:00,Github,http://github.com/,200,200,298,1,
2026-08-23T15:19:03.064994+00:00,Google,https://google.com,200,200,115,1,
2026-08-23T15:19:03.111554+00:00,Github,http://github.com/,200,200,46,1,
2026-08-23T15:43:29.350833+00:00,Google,https://google.com,200,200,120,1,
2026-08-23T15:43:29.402051+00:00,Github,http://github.com/,200,200,51,1,
2026-08-23T15:57:38.024752+00:00,Google,https://google.com,200,200,267,1,
2026-08-23T15:57:38.292331+00:00,Github,http://github.com/,200,200,267,1,
2026-08-23T16:21:20.695583+00:00,Google,https://google.com,200,200,191,1,
2026-08-23T16:21:20.781527+00:00,Github,http://github.com/,200,200,85,1,
2026-08-23T16:48:11.329761+00:00,Google,https://google.com,200,200,172,1,
2026-08-23T16:48:11.902906+00:00,Github,http://github.com/,200,200,573,1,
2026-08-23T17:12:35.554887+00:00,Google,https://google.com,200,200,265,1,
2026-08-23T17:12:36.083444+00:00,Github,http://github.com/,200,200,528,1,
2026-08-23T17:33:16.746087+00:00,Google,https://google.com,200,200,185,1,
2026-08-23T17:33:16.950268+00:00,Github,http://github.com/,200,200,204,1,
2026-08-23T17:54:12.194634+00:00,Google,https://google.com,200,200,345,1,
2026-08-23T17:54:12.424685+00:00,Github,http://github.com/,200,200,229,1,
2026-08-23T18:15:38.478365+00:00,Google,https://google.com,200,200,167,1,
2026-08-23T18:15:38.686182+00:00,Github,http://github.com/,200,200,207,1,
2026-08-23T18:54:03.325859+00:00,Google,https://google.com,200,200,256,1,
2026-08-23T18:54:03.662167+00:00,Github,http://github.com/,200,200,336,1,
2026-08-23T19:15:29.637035+00:00,Google,https://google.com,200,200,151,1,
2026-08-23T19:15:29.712968+00:00,Github,http://github.com/,200,200,75,1,
2026-08-23T19:42:18.841967+00:00,Google,https://google.com,200,200,132,1,
2026-08-23T19:42:18.913687+00:00,Github,http://github.com/,200,200,71,1,
2026-08-23T19:55:12.127952+00:00,Google,https://google.com,200,200,175,1,
2026-08-23T19:55:12.176169+00:00,Github,http://github.com/,200,200,48,1,
2026-08-23T20:11:59.168393+00:00,Google,https://google.com,200,200,135,1,
2026-08-23T20:11:59.226119+00:00,Github,http://github.com/,200,200,57,1,
2026-08-23T20:37:11.365286+00:00,Google,https://google.com,200,200,175,1,
2026-08-23T20:37:11.589455+00:00,Github,http://github.com/,200,200,224,1,
2026-08-23T20:57:09.097821+00:00,Google,https://google.com,200,200,113,1,
2026-08-23T20:57:09.150457+00:00,Github,http://github.com/,200,200,52,1,
2026-08-23T21:17:32.785664+00:00,Google,https://google.com,200,200,256,1,
2026-08-23T21:17:33.226126+00:00,Github,http://github.com/,200,200,440,1,
2026-08-23T21:42:22.854382+00:00,Google,https://google.com,200,200,113,1,
2026-08-23T21:42:22.931453+00:00,Github,http://github.com/,200,200,77,1,
2026-08-23T21:56:30.485238+00:00,Google,https://google.com,200,200,209,1,
2026-08-23T21:56:30.734063+00:00,Github,http://github.com/,200,200,248,1,
2026-08-23T22:15:40.677702+00:00,Google,https://google.com,200,200,316,1,
2026-08-23T22:15:40.995245+00:00,Github,http://github.com/,200,200,317,1,
2026-08-23T22:44:42.084669+00:00,Google,https://google.com,200,200,196,1,
2026-08-23T22:44:42.704644+00:00,Github,http://github.com/,200,200,619,1,
2026-08-23T22:58:45.630556+00:00,Google,https://google.com,200,200,234,1,
2026-08-23T22:58:46.189490+00:00,Github,http://github.com/,200,200,558,1,
2026-08-23T23:21:10.427393+00:00,Google,https://google.com,200,200,300,1,
2026-08-23T23:21:10.814855+00:00,Github,http://github.com/,200,200,387,1,
2026-08-23T23:41:54.804200+00:00,Google,https://google.com,200,200,254,1,
2026-08-23T23:41:55.137059+00:00,Github,http://github.com/,200,200,332,1,
2026-08-23T23:56:04.368047+00:00,Google,https://google.com,200,200,115,1,
2026-08-23T23:56:04.422508+00:00,Github,http://github.com/,200,200,54,1,
2026-08-24T00:53:49.802268+00:00,Google,https://google.com,200,200,170,1,
2026-08-24T00:53:49.853801+00:00,Github,http://github.com/,200,200,51,1,
2026-08-24T02:16:56.355040+00:00,Google,https://google.com,200,200,276,1,
2026-08-24T02:16:56.640161+00:00,Github,http://github.com/,200,200,285,1,
2026-08-24T03:28:35.741416+00:00,Google,https://google.com,200,200,237,1,
2026-08-24T03:28:36.312278+00:00,Github,http://github.com/,200,200,570,1,
2026-08-24T04:20:42.033888+00:00,Google,https://google.com,200,200,247,1,
2026-08-24T04:20:42.653856+00:00,Github,http://github.com/,200,200,619,1,
2026-08-24T05:08:31.818826+00:00,Google,https://google.com,200,200,112,1,
2026-08-24T05:08:31.872983+00:00,Github,http://github.com/,200,200,54,1,
2026-08-24T05:50:38.258998+00:00,Google,https://google.com,200,200,155,1,
2026-08-24T05:50:38.488507+00:00,Github,http://github.com/,200,200,229,1,
2026-08-24T06:37:23.911407+00:00,Google,https://google.com,200,200,338,1,
2026-08-24T06:37:24.226877+00:00,Github,http://github.com/,200,200,315,1,
2026-08-24T07:42:47.349492+00:00,Google,https://google.com,200,200,232,1,
2026-08-24T07:42:47.980206+00:00,Github,http://github.com/,200,200,630,1,
2026-08-24T08:25:40.208840+00:00,Google,https://google.com,200,200,208,1,
2026-08-24T08:25:40.305573+00:00,Github,http://github.com/,200,200,96,1,
2026-08-24T09:11:01.718742+00:00,Google,https://google.com,200,200,156,1,
2026-08-24T09:11:01.778274+00:00,Github,http://github.com/,200,200,59,1,
2026-08-24T10:01:28.486461+00:00,Google,https://google.com,200,200,154,1,
2026-08-24T10:01:28.732749+00:00,Github,http://github.com/,200,200,246,1,
2026-08-24T10:50:43.264067+00:00,Google,https://google.com,200,200,179,1,
2026-08-24T10:50:43.488392+00:00,Github,http://github.com/,200,200,224,1,
2026-08-24T11:18:16.106364+00:00,Google,https://google.com,200,200,197,1,
2026-08-24T11:18:16.357567+00:00,Github,http://github.com/,200,200,251,1,
2026-08-24T11:50:18.730717+00:00,Google,https://google.com,200,200,130,1,
2026-08-24T11:50:18.795838+00:00,Github,http://github.com/,200,200,65,1,
2026-08-24T12:28:34.215884+00:00,Google,https://google.com,200,200,224,1,
2026-08-24T12:28:34.746762+00:00,Github,http://github.com/,200,200,530,1,
2026-08-24T13:30:12.695768+00:00,Google,https://google.com,200,200,251,1,
2026-08-24T13:30:12.755616+00:00,Github,http://github.com/,200,200,59,1,
2026-08-24T14:23:12.864115+00:00,Google,https://google.com,200,200,290,1,
2026-08-24T14:23:13.240429+00:00,Github,http://github.com/,200,200,376,1,
2026-08-24T15:07:14.227124+00:00,Google,https://google.com,200,200,199,1,
2026-08-24T15:07:14.285310+00:00,Github,http://github.com/,200,200,58,1,
2026-08-24T15:52:42.160419+00:00,Google,https://google.com,200,200,224,1,
2026-08-24T15:52:42.737762+00:00,Github,http://github.com/,200,200,577,1,
2026-08-24T16:24:27.010289+00:00,Google,https://google.com,200,200,181,1,
2026-08-24T16:24:27.270168+00:00,Github,http://github.com/,200,200,259,1,
2026-08-24T17:02:37.444023+00:00,Google,https://google.com,200,200,402,1,
2026-08-24T17:02:38.060204+00:00,Github,http://github.com/,200,200,616,1,
2026-08-24T17:43:54.163447+00:00,Google,https://google.com,200,200,156,1,
2026-08-24T17:43:54.381609+00:00,Github,http://github.com/,200,200,218,1,
2026-08-24T18:04:08.215666+00:00,Google,https://google.com,200,200,271,1,
2026-08-24T18:04:08.590917+00:00,Github,http://github.com/,200,200,375,1,
2026-08-24T18:56:29.622766+00:00,Google,https://google.com,200,200,165,1,
2026-08-24T18:56:29.868235+00:00,Github,http://github.com/,200,200,245,1,
2026-08-24T19:23:44.401694+00:00,Google,https://google.com,200,200,109,1,
2026-08-24T19:23:44.455009+00:00,Github,http://github.com/,200,200,53,1,
2026-08-24T19:51:06.790871+00:00,Google,https://google.com,200,200,124,1,
2026-08-24T19:51:06.845365+00:00,Github,http://github.com/,200,200,54,1,
2026-08-24T20:18:57.295285+00:00,Google,https://google.com,200,200,176,1,
2026-08-24T20:18:57.526089+00:00,Github,http://github.com/,200,200,230,1,
2026-08-24T20:55:13.563092+00:00,Google,https://google.com,200,200,187,1,
2026-08-24T20:55:13.662216+00:00,Github,http://github.com/,200,200,99,1,
2026-08-24T21:19:48.923273+00:00,Google,https://google.com,200,200,274,1,
2026-08-24T21:19:49.304941+00:00,Github,http://github.com/,200,200,381,1,
2026-08-24T21:50:48.541646+00:00,Google,https://google.com,200,200,239,1,
2026-08-24T21:50:49.172443+00:00,Github,http://github.com/,200,200,630,1,
2026-08-24T22:15:44.654350+00:00,Google,https://google.com,200,200,183,1,
2026-08-24T22:15:44.874219+00:00,Github,http://github.com/,200,200,219,1,
2026-08-24T22:50:05.109154+00:00,Google,https://google.com,200,200,196,1,
2026-08-24T22:50:05.325721+00:00,Github,http://github.com/,200,200,216,1,
2026-08-24T23:14:44.181830+00:00,Google,https://google.com,200,200,193,1,
2026-08-24T23:14:44.271937+00:00,Github,http://github.com/,200,200,90,1,
2026-08-24T23:36:24.103139+00:00,Google,https://google.com,200,200,123,1,
2026-08-24T23:36:24.162055+00:00,Github,http://github.com/,200,200,58,1,
2026-08-24T23:55:37.959604+00:00,Google,https://google.com,200,200,117,1,
2026-08-24T23:55:38.035820+00:00,Github,http://github.com/,200,200,76,1,
2026-08-25T00:48:56.405445+00:00,Google,https://google.com,200,200,129,1,
2026-08-25T00:48:56.448709+00:00,Github,http://github.com/,200,200,43,1,
2026-08-25T02:12:45.063858+00:00,Google,https://google.com,200,200,236,1,
2026-08-25T02:12:45.406792+00:00,Github,http://github.com/,200,200,342,1,
2026-08-25T03:11:54.072752+00:00,Google,https://google.com,200,200,182,1,
2026-08-25T03:11:54.177941+00:00,Github,http://github.com/,200,200,105,1,
2026-08-25T03:57:49.364385+00:00,Google,https://google.com,200,200,225,1,
2026-08-25T03:57:49.882218+00:00,Github,http://github.com/,200,200,517,1,
2026-08-25T04:36:14.619610+00:00,Google,https://google.com,200,200,124,1,
2026-08-25T04:36:14.695495+00:00,Github,http://github.com/,200,200,75,1,
2026-08-25T05:16:15.713039+00:00,Google,https://google.com,200,200,198,1,
2026-08-25T05:16:15.939243+00:00,Github,http://github.com/,200,200,226,1,
2026-08-25T05:54:54.541772+00:00,Google,https://google.com,200,200,173,1,
2026-08-25T05:54:54.641305+00:00,Github,http://github.com/,200,200,99,1,
2026-08-25T06:29:27.158595+00:00,Google,https://google.com,200,200,301,1,
2026-08-25T06:29:27.259764+00:00,Github,http://github.com/,200,200,101,1,
2026-08-25T07:25:19.322022+00:00,Google,https://google.com,200,200,145,1,
2026-08-25T07:25:19.377044+00:00,Github,http://github.com/,200,200,54,1,
2026-08-25T08:05:20.008370+00:00,Google,https://google.com,200,200,175,1,
2026-08-25T08:05:20.094403+00:00,Github,http://github.com/,200,200,85,1,
2026-08-25T08:57:07.409460+00:00,Google,https://google.com,200,200,272,1,
2026-08-25T08:57:07.706071+00:00,Github,http://github.com/,200,200,296,1,
2026-08-25T09:30:50.565806+00:00,Google,https://google.com,200,200,192,1,
2026-08-25T09:30:51.161703+00:00,Github,http://github.com/,200,200,595,1,
2026-08-25T10:04:13.876691+00:00,Google,https://google.com,200,200,157,1,
2026-08-25T10:04:14.122613+00:00,Github,http://github.com/,200,200,245,1,
2026-08-25T10:47:00.366151+00:00,Google,https://google.com,200,200,125,1,
2026-08-25T10:47:00.419895+00:00,Github,http://github.com/,200,200,53,1,
2026-08-25T11:17:59.006734+00:00,Google,https://google.com,200,200,280,1,
2026-08-25T11:17:59.337274+00:00,Github,http://github.com/,200,200,330,1,
2026-08-25T11:51:02.936110+00:00,Google,https://google.com,200,200,158,1,
2026-08-25T11:51:03.180577+00:00,Github,http://github.com/,200,200,244,1,
2026-08-25T12:29:02.373036+00:00,Google,https://google.com,200,200,180,1,
2026-08-25T12:29:03.004105+00:00,Github,http://github.com/,200,200,631,1,
2026-08-25T13:28:15.143290+00:00,Google,https://google.com,200,200,110,1,
2026-08-25T13:28:15.201275+00:00,Github,http://github.com/,200,200,57,1,
2026-08-25T14:12:54.341491+00:00,Google,https://google.com,200,200,349,1,
2026-08-25T14:12:54.426860+00:00,Github,http://github.com/,200,200,85,1,
2026-08-25T15:04:34.961058+00:00,Google,https://google.com,200,200,151,1,
2026-08-25T15:04:35.052444+00:00,Github,http://github.com/,200,200,91,1,
2026-08-25T15:56:56.264283+00:00,Google,https://google.com,200,200,196,1,
2026-08-25T15:56:56.490190+00:00,Github,http://github.com/,200,200,225,1,
2026-08-25T16:31:17.489704+00:00,Google,https://google.com,200,200,218,1,
2026-08-25T16:31:17.711587+00:00,Github,http://github.com/,200,200,221,1,
2026-08-25T17:14:07.020894+00:00,Google,https://google.com,200,200,122,1,
2026-08-25T17:14:07.077435+00:00,Github,http://github.com/,200,200,56,1,
2026-08-25T17:45:23.167624+00:00,Google,https://google.com,200,200,117,1,
2026-08-25T17:45:23.222659+00:00,Github,http://github.com/,200,200,54,1,
2026-08-25T18:24:56.918192+00:00,Google,https://google.com,200,200,223,1,
2026-08-25T18:24:57.114732+00:00,Github,http://github.com/,200,200,196,1,
2026-08-25T19:06:35.282345+00:00,Google,https://google.com,200,200,228,1,
2026-08-25T19:06:35.833818+00:00,Github,http://github.com/,200,200,551,1,
2026-08-25T19:43:16.891647+00:00,Google,https://google.com,200,200,187,1,
2026-08-25T19:43:17.185584+00:00,Github,http://github.com/,200,200,293,1,
2026-08-25T20:00:43.894711+00:00,Google,https://google.com,200,200,344,1,
2026-08-25T20:00:44.227559+00:00,Github,http://github.com/,200,200,332,1,
2026-08-25T20:42:51.128782+00:00,Google,https://google.com,200,200,161,1,
2026-08-25T20:42:51.191023+00:00,Github,http://github.com/,200,200,62,1,
2026-08-25T21:02:23.066956+00:00,Google,https://google.com,200,200,209,1,
2026-08-25T21:02:23.365455+00:00,Github,http://github.com/,200,200,298,1,
2026-08-25T21:40:50.785780+00:00,Google,https://google.com,200,200,178,1,
2026-08-25T21:40:51.034263+00:00,Github,http://github.com/,200,200,248,1,
2026-08-25T21:58:19.101373+00:00,Google,https://google.com,200,200,128,1,
2026-08-25T21:58:19.169072+00:00,Github,http://github.com/,200,200,67,1,
2026-08-25T22:25:56.365804+00:00,Google,https://google.com,200,200,172,1,
2026-08-25T22:25:56.653792+00:00,Github,http://github.com/,200,200,287,1,
2026-08-25T22:52:20.034952+00:00,Google,https://google.com,200,200,135,1,
2026-08-25T22:52:20.095306+00:00,Github,http://github.com/,200,200,60,1,
2026-08-25T23:17:04.816540+00:00,Google,https://google.com,200,200,167,1,
2026-08-25T23:17:04.901213+00:00,Github,http://github.com/,200,200,84,1,
2026-08-25T23:45:38.928267+00:00,Google,https://google.com,200,200,144,1,
2026-08-25T23:45:38.993134+00:00,Github,http://github.com/,200,200,64,1,
2026-08-26T00:43:40.684672+00:00,Google,https://google.com,200,200,184,1,
2026-08-26T00:43:40.911251+00:00,Github,http://github.com/,200,200,226,1,
2026-08-26T02:13:20.798966+00:00,Google,https://google.com,200,200,175,1,
2026-08-26T02:13:21.026948+00:00,Github,http://github.com/,200,200,227,1,
2026-08-26T03:17:39.919144+00:00,Google,https://google.com,200,200,155,1,
2026-08-26T03:17:39.966899+00:00,Github,http://github.com/,200,200,47,1,
2026-08-26T04:08:05.520076+00:00,Google,https://google.com,200,200,166,1,
2026-08-26T04:08:05.747839+00:00,Github,http://github.com/,200,200,227,1,
2026-08-26T04:53:25.507554+00:00,Google,https://google.com,200,200,143,1,
2026-08-26T04:53:25.579747+00:00,Github,http://github.com/,200,200,72,1,
2026-08-26T05:24:36.066443+00:00,Google,https://google.com,200,200,269,1,
2026-08-26T05:24:36.411998+00:00,Github,http://github.com/,200,200,345,1,
2026-08-26T05:57:02.550234+00:00,Google,https://google.com,200,200,136,1,
2026-08-26T05:57:02.628513+00:00,Github,http://github.com/,200,200,78,1,
2026-08-26T06:40:39.329899+00:00,Google,https://google.com,200,200,153,1,
2026-08-26T06:40:39.412838+00:00,Github,http://github.com/,200,200,82,1,
2026-08-26T07:30:14.117436+00:00,Google,https://google.com,200,200,277,1,
2026-08-26T07:30:14.484721+00:00,Github,http://github.com/,200,200,367,1,
2026-08-26T08:21:58.427732+00:00,Google,https://google.com,200,200,165,1,
2026-08-26T08:21:58.681653+00:00,Github,http://github.com/,200,200,253,1,
2026-08-26T09:08:07.264668+00:00,Google,https://google.com,200,200,180,1,
2026-08-26T09:08:07.836525+00:00,Github,http://github.com/,200,200,571,1,
2026-08-26T09:54:39.003905+00:00,Google,https://google.com,200,200,188,1,
2026-08-26T09:54:39.096904+00:00,Github,http://github.com/,200,200,92,1,
2026-08-26T10:24:54.641456+00:00,Google,https://google.com,200,200,311,1,
2026-08-26T10:24:54.978154+00:00,Github,http://github.com/,200,200,336,1,
2026-08-26T10:58:52.011989+00:00,Google,https://google.com,200,200,290,1,
2026-08-26T10:58:52.345450+00:00,Github,http://github.com/,200,200,333,1,
2026-08-26T11:30:19.853671+00:00,Google,https://google.com,200,200,227,1,
2026-08-26T11:30:20.093309+00:00,Github,http://github.com/,200,200,239,1,
2026-08-26T12:00:50.565862+00:00,Google,https://google.com,200,200,122,1,
2026-08-26T12:00:50.620091+00:00,Github,http://github.com/,200,200,54,1,
2026-08-26T13:13:13.760863+00:00,Google,https://google.com,200,200,265,1,
2026-08-26T13:13:14.115492+00:00,Github,http://github.com/,200,200,354,1,
2026-08-26T14:02:35.770274+00:00,Google,https://google.com,200,200,255,1,
2026-08-26T14:02:36.311800+00:00,Github,http://github.com/,200,200,541,1,
2026-08-26T14:59:39.338788+00:00,Google,https://google.com,200,200,157,1,
2026-08-26T14:59:39.586402+00:00,Github,http://github.com/,200,200,247,1,
2026-08-26T16:19:43.931419+00:00,Google,https://google.com,200,200,159,1,
2026-08-26T16:19:44.023728+00:00,Github,http://github.com/,200,200,92,1,
2026-08-26T18:09:34.557766+00:00,Google,https://google.com,200,200,167,1,
2026-08-26T18:09:34.660895+00:00,Github,http://github.com/,200,200,103,1,
2026-08-26T20:00:39.174520+00:00,Google,https://google.com,200,200,176,1,
2026-08-26T20:00:39.266683+00:00,Github,http://github.com/,200,200,92,1,
2026-08-26T23:29:23.988279+00:00,Google,https://google.com,200,200,557,1,
2026-08-26T23:29:24.603729+00:00,Github,http://github.com/,200,200,615,1,
2026-08-27T04:38:31.183851+00:00,Google,https://google.com,200,200,248,1,
2026-08-27T04:38:31.500898+00:00,Github,http://github.com/,200,200,316,1,
2026-08-27T15:29:52.879781+00:00,Google,https://google.com,200,200,319,1,
2026-08-27T15:29:53.155970+00:00,Github,http://github.com/,200,200,276,1,
2026-08-28T00:31:13.109199+00:00,Google,https://google.com,200,200,178,1,
2026-08-28T00:31:13.708491+00:00,Github,http://github.com/,200,200,599,1,
2026-08-28T12:12:46.407912+00:00,Google,https://google.com,200,200,244,1,
2026-08-28T12:12:46.985237+00:00,Github,http://github.com/,200,200,577,1,
2026-08-28T22:18:44.721156+00:00,Google,https://google.com,200,200,130,1,
2026-08-28T22:18:44.773099+00:00,Github,http://github.com/,200,200,51,1,
2026-08-29T03:45:59.274886+00:00,Google,https://google.com,200,200,139,1,
2026-08-29T03:45:59.331650+00:00,Github,http://github.com/,200,200,56,1,
2026-08-29T10:35:35.897374+00:00,Google,https://google.com,200,200,152,1,
2026-08-29T10:35:36.120406+00:00,Github,http://github.com/,200,200,222,1,
2026-08-29T15:18:47.458831+00:00,Google,https://google.com,200,200,155,1,
2026-08-29T15:18:47.563623+00:00,Github,http://github.com/,200,200,104,1,
2026-08-29T18:43:10.184466+00:00,Google,https://google.com,200,200,178,1,
2026-08-29T18:43:10.803570+00:00,Github,http://github.com/,200,200,619,1,
2026-08-29T21:14:37.572388+00:00,Google,https://google.com,200,200,168,1,
2026-08-29T21:14:37.659716+00:00,Github,http://github.com/,200,200,87,1,
2026-08-29T23:21:08.204266+00:00,Google,https://google.com,200,200,299,1,
2026-08-29T23:21:08.531039+00:00,Github,http://github.com/,200,200,326,1,
2026-08-30T01:23:11.457978+00:00,Google,https://google.com,200,200,229,1,
2026-08-30T01:23:11.955437+00:00,Github,http://github.com/,200,200,497,1,
2026-08-30T06:56:25.670275+00:00,Google,https://google.com,200,200,162,1,
2026-08-30T06:56:25.754332+00:00,Github,http://github.com/,200,200,84,1,
2026-08-30T12:30:19.395365+00:00,Google,https://google.com,200,200,158,1,
2026-08-30T12:30:19.640633+00:00,Github,http://github.com/,200,200,245,1,
2026-08-30T16:57:27.749342+00:00,Google,https://google.com,200,200,159,1,
2026-08-30T16:57:28.010083+00:00,Github,http://github.com/,200,200,260,1,
2026-08-30T19:38:05.986526+00:00,Google,https://google.com,200,200,117,1,
2026-08-30T19:38:06.039425+00:00,Github,http://github.com/,200,200,52,1,
2026-08-30T22:04:46.259571+00:00,Google,https://google.com,200,200,120,1,
2026-08-30T22:04:46.334119+00:00,Github,http://github.com/,200,200,74,1,
2026-08-31T00:34:51.275077+00:00,Google,https://google.com,200,200,276,1,
2026-08-31T00:34:51.597450+00:00,Github,http://github.com/,200,200,322,1,
2026-08-31T06:09:20.123777+00:00,Google,https://google.com,200,200,100,1,
2026-08-31T06:09:20.170196+00:00,Github,http://github.com/,200,200,46,1,
2026-08-31T13:41:19.917323+00:00,Google,https://google.com,200,200,255,1,
2026-08-31T13:41:20.266196+00:00,Github,http://github.com/,200,200,348,1,
2026-08-31T19:40:31.710820+00:00,Google,https://google.com,200,200,121,1,
2026-08-31T19:40:31.766670+00:00,Github,http://github.com/,200,200,55,1,
2026-08-31T23:23:12.282438+00:00,Google,https://google.com,200,200,157,1,
2026-08-31T23:23:12.381487+00:00,Github,http://github.com/,200,200,99,1,
2026-09-01T01:54:58.333730+00:00,Google,https://google.com,200,200,152,1,
2026-09-01T01:54:58.587440+00:00,Github,http://github.com/,200,200,253,1,
2026-09-01T07:00:00.814896+00:00,Google,https://google.com,200,200,240,1,
2026-09-01T07:00:01.357715+00:00,Github,http://github.com/,200,200,542,1,
2026-09-01T12:27:13.538962+00:00,Google,https://google.com,200,200,192,1,
2026-09-01T12:27:13.747898+00:00,Github,http://github.com/,200,200,208,1,
2026-09-01T16:48:42.462770+00:00,Google,https://google.com,200,200,158,1,
2026-09-01T16:48:42.684394+00:00,Github,http://github.com/,200,200,221,1,
2026-09-01T19:41:24.274659+00:00,Google,https://google.com,200,200,251,1,
2026-09-01T19:41:24.505020+00:00,Github,http://github.com/,200,200,230,1,
2026-09-01T22:01:55.655848+00:00,Google,https://google.com,200,200,283,1,
2026-09-01T22:01:55.946879+00:00,Github,http://github.com/,200,200,290,1,
2026-09-02T00:08:58.046086+00:00,Google,https://google.com,200,200,150,1,
2026-09-02T00:08:58.143436+00:00,Github,http://github.com/,200,200,97,1,
2026-09-02T04:26:55.810207+00:00,Google,https://google.com,200,200,151,1,
2026-09-02T04:26:56.044922+00:00,Github,http://github.com/,200,200,234,1,
2026-09-02T08:55:06.914115+00:00,Google,https://google.com,200,200,114,1,
2026-09-02T08:55:06.968586+00:00,Github,http://github.com/,200,200,54,1,
2026-09-02T13:05:40.231106+00:00,Google,https://google.com,200,200,140,1,
2026-09-02T13:05:40.450470+00:00,Github,http://github.com/,200,200,219,1,
2026-09-02T17:08:20.906915+00:00,Google,https://google.com,200,200,162,1,
2026-09-02T17:08:21.003017+00:00,Github,http://github.com/,200,200,96,1,
2026-09-02T19:46:02.111645+00:00,Google,https://google.com,200,200,247,1,
2026-09-02T19:46:02.770750+00:00,Github,http://github.com/,200,200,659,1,
2026-09-02T22:10:24.706013+00:00,Google,https://google.com,200,200,126,1,
2026-09-02T22:10:24.758078+00:00,Github,http://github.com/,200,200,52,1,
2026-09-03T00:12:14.609143+00:00,Google,https://google.com,200,200,310,1,
2026-09-03T00:12:14.926893+00:00,Github,http://github.com/,200,200,317,1,
2026-09-03T04:21:41.295776+00:00,Google,https://google.com,200,200,241,1,
2026-09-03T04:21:41.624666+00:00,Github,http://github.com/,200,200,328,1,
2026-09-03T09:03:08.222616+00:00,Google,https://google.com,200,200,294,1,
2026-09-03T09:03:08.445711+00:00,Github,http://github.com/,200,200,223,1,
2026-09-03T13:32:59.276766+00:00,Google,https://google.com,200,200,139,1,
2026-09-03T13:32:59.338500+00:00,Github,http://github.com/,200,200,61,1,
2026-09-03T17:12:28.601335+00:00,Google,https://google.com,200,200,267,1,
2026-09-03T17:12:29.097771+00:00,Github,http://github.com/,200,200,496,1,
2026-09-03T19:50:00.971883+00:00,Google,https://google.com,200,200,513,1,
2026-09-03T19:50:01.199841+00:00,Github,http://github.com/,200,200,227,1,
2026-09-03T22:01:00.286586+00:00,Google,https://google.com,200,200,121,1,
2026-09-03T22:01:00.349555+00:00,Github,http://github.com/,200,200,62,1,
2026-09-04T00:02:38.412795+00:00,Google,https://google.com,200,200,298,1,
2026-09-04T00:02:38.723221+00:00,Github,http://github.com/,200,200,310,1,
2026-09-04T04:25:39.313580+00:00,Google,https://google.com,200,200,498,1,
2026-09-04T04:25:39.892717+00:00,Github,http://github.com/,200,200,579,1,
2026-09-04T08:56:23.863296+00:00,Google,https://google.com,200,200,155,1,
2026-09-04T08:56:24.074159+00:00,Github,http://github.com/,200,200,210,1,
2026-09-04T13:04:40.360213+00:00,Google,https://google.com,200,200,165,1,
2026-09-04T13:04:40.567549+00:00,Github,http://github.com/,200,200,207,1,
2026-09-04T16:50:27.094631+00:00,Google,https://google.com,200,200,186,1,
2026-09-04T16:50:27.372883+00:00,Github,http://github.com/,200,200,278,1,
2026-09-04T19:13:16.249276+00:00,Google,https://google.com,200,200,119,1,
2026-09-04T19:13:16.300820+00:00,Github,http://github.com/,200,200,51,1,
2026-09-04T21:28:45.575572+00:00,Google,https://google.com,200,200,129,1,
2026-09-04T21:28:45.627403+00:00,Github,http://github.com/,200,200,51,1,
2026-09-04T23:10:01.293079+00:00,Google,https://google.com,200,200,178,1,
2026-09-04T23:10:01.891874+00:00,Github,http://github.com/,200,200,598,1,
2026-09-05T00:55:12.523738+00:00,Google,https://google.com,200,200,164,1,
2026-09-05T00:55:12.622413+00:00,Github,http://github.com/,200,200,98,1,
